demo/inflicted,positioning/percent_farthest_from_ball,positioning/avg_distance_to_ball_no_possession,positioning/time_most_forward,positioning/percent_closest_to_ball,movement/percent_high_air,core/shots_against,positioning/avg_distance_to_ball,movement/count_powerslide,boost/bcpm,movement/percent_boost_speed,positioning/percent_most_forward,core/mvp,boost/time_boost_25_50,positioning/time_most_back,core/shooting_percentage,positioning/avg_distance_to_ball_possession,boost/bpm,boost/time_full_boost,core/shots,movement/time_powerslide,positioning/time_defensive_third,boost/time_boost_0_25,demo/taken,positioning/time_farthest_from_ball,core/assists,boost/amount_used_while_supersonic,boost/amount_collected_big,boost/amount_stolen,movement/time_ground,boost/amount_stolen_big,movement/avg_speed_percentage,movement/time_high_air,positioning/time_infront_ball,positioning/percent_behind_ball,positioning/time_offensive_half,boost/time_boost_50_75,movement/percent_low_air,boost/percent_boost_75_100,boost/count_stolen_big,positioning/goals_against_while_last_defender,positioning/percent_offensive_third,boost/count_collected_small,boost/avg_amount,boost/count_stolen_small,positioning/percent_infront_ball,movement/time_low_air,boost/amount_stolen_small,movement/time_boost_speed,movement/total_distance,movement/percent_ground,boost/amount_overfill,positioning/percent_defensive_third,boost/percent_boost_50_75,positioning/percent_defensive_half,positioning/percent_neutral_third,positioning/time_behind_ball,boost/time_zero_boost,core/goals_against,core/saves,boost/amount_collected_small,positioning/percent_offensive_half,movement/avg_powerslide_duration,movement/percent_supersonic_speed,movement/time_slow_speed,movement/time_supersonic_speed,boost/percent_zero_boost,boost/amount_collected,movement/percent_slow_speed,boost/count_collected_big,movement/avg_speed,boost/percent_full_boost,positioning/time_defensive_half,positioning/percent_most_back,core/score,positioning/avg_distance_to_mates,core/goals,positioning/time_closest_to_ball,positioning/time_neutral_third,boost/time_boost_75_100,positioning/time_offensive_third,boost/amount_overfill_stolen,boost/percent_boost_25_50,boost/percent_boost_0_25
0,44.019413,2604,78.8,45.218384,2.0502112,11,2344,3,147.30232,25.12178,44.990013,False,29.26,81.7,0.0,1840,176,10.14,1,1.19,135.22,90.06,0,77.1,0,42,221,36,112.79,0,51.782608,3.83,101.41,45.71199,24.64,19.9,37.572933,19.100471,0,3.0,4.9622617,18,38.0,3,54.288006,70.19,36,46.93,199094,60.37685,78,72.383705,11.563717,86.81013,22.654034,85.39,35.4,4,2,209,13.189872,0.4,3.67218,133.02,6.86,20.21125,430,71.20603,3,1191,5.789324,162.17,46.645733,165,2331,0,79.2,42.32,32.87,9.27,0,17.002731,52.333084
0,45.047104,2608,67.7,34.713104,2.6960523,11,2381,5,108.25008,12.008558,38.65258,False,23.42,74.8,0.0,1804,103,3.45,0,2.59,127.5,37.34,0,78.9,0,12,184,12,130.76,0,46.217392,5.04,88.75,52.527416,33.14,2.64,27.356373,35.31272,0,,2.8030384,11,43.65,1,47.472588,51.14,12,22.45,177839,69.94758,115,68.2037,2.6936026,82.272385,28.99326,98.2,17.27,4,1,132,17.727613,0.52,1.4228404,161.84,2.66,9.86012,316,86.5686,3,1063,1.9697403,153.8,42.706257,80,2289,0,60.8,54.2,34.61,5.24,0,23.895521,38.098152
0,36.591675,2483,26.7,42.280838,0.0,11,2159,2,329.71298,17.011051,34.52289,False,18.5,27.2,0.0,1742,335,7.3,0,1.54,59.87,38.22,0,28.3,0,112,329,124,62.53,100,45.04348,0.0,48.79,41.38635,9.64,8.69,24.879866,10.495347,1,1.0,6.355118,8,36.86,2,58.613644,20.71,24,14.16,77998,75.12014,70,71.92456,11.891077,88.41763,21.720327,34.45,13.09,4,0,96,11.582363,0.77,3.7361844,65.97,3.11,16.925266,425,79.252754,4,1036,9.438842,73.59,35.169384,4,2032,0,32.7,18.08,7.67,5.29,0,25.314722,52.29885
0,54.581787,3923,47.5,25.92064,4.910404,1,3350,18,366.54297,33.185345,27.119614,True,48.74,93.3,28.571428,3088,373,55.27,7,2.6,44.92,62.74,0,95.6,2,57,887,454,108.82,345,61.04348,9.18,28.89,84.54667,96.48,24.49,36.88152,25.12253,4,,39.219044,16,40.56,9,15.45333,68.95,109,62.04,240427,58.208084,67,24.027815,13.486425,48.392616,36.753143,158.06,23.12,0,1,183,51.60738,0.14,10.270126,105.71,19.2,13.200114,1070,56.544533,10,1404,31.55581,90.47,53.268627,516,3648,2,45.4,68.71,45.62,73.32,1,26.840685,34.55036
0,27.290894,2291,56.7,39.16643,2.810342,1,2437,7,331.94406,33.56531,32.372253,False,45.21,53.6,50.0,2501,297,46.82,4,1.06,35.44,39.09,0,47.8,1,68,801,321,119.9,238,58.347828,5.25,39.92,78.63069,127.71,54.01,33.006798,20.112055,4,,47.992508,14,53.45,7,21.369305,61.66,83,62.7,229511,64.18286,298,18.972162,31.19621,31.636423,33.035336,146.89,8.58,0,0,168,68.36358,0.15,6.0599575,112.78,11.32,4.8986583,969,60.374737,11,1342,26.731375,59.1,30.602343,354,3307,2,68.6,61.71,34.82,89.65,161,26.113325,22.57841
0,19.297745,2312,67.8,33.17157,1.7816061,1,2260,2,114.75878,19.52381,38.709682,False,17.18,30.5,0.0,2249,137,0.78,0,1.9,34.68,137.7,0,33.8,0,74,100,299,131.6,100,48.95652,3.33,61.81,66.93061,144.08,19.28,27.810175,3.927626,1,,63.356693,20,20.62,17,33.06939,51.98,199,36.49,186358,70.40822,0,18.554384,10.635482,22.914772,18.08892,125.1,88.99,0,0,235,77.08523,0.95,2.5949705,145.56,4.85,50.80788,335,77.88122,1,1126,0.4453326,42.83,17.413647,8,3073,0,58.1,33.81,7.12,118.42,0,9.477052,75.95984
0,35.071785,3288,69.2,28.844488,7.238714,1,2851,41,359.36688,34.748486,29.925615,True,44.1,91.2,75.0,2851,305,73.26,4,4.1,70.11,41.55,0,81.1,0,176,1120,291,144.7,163,63.0,17.8,29.7,87.92241,136.38,35.38,33.916225,50.38331,2,1.0,35.358463,24,53.71,12,12.077589,83.4,128,85.45,328301,58.84506,188,28.51043,14.504162,44.540684,36.131104,216.21,16.14,1,0,265,55.459312,0.1,7.4254813,142.2,18.26,6.979761,1385,57.82604,13,1449,31.68137,109.53,39.43954,477,3633,3,66.7,88.85,122.9,86.95,44,18.078959,17.033575
0,34.5096,3127,70.6,36.02318,6.04447,1,3356,46,325.63568,37.514736,30.53105,False,37.68,94.8,100.0,3242,264,106.07,1,8.24,85.78,31.81,0,79.8,1,57,1131,309,118.8,249,60.347828,14.87,39.16,84.08195,114.88,33.56,45.66481,56.44916,4,,26.401365,12,60.92,5,15.918052,112.34,60,92.29,315209,48.29072,676,34.868504,14.183079,53.302708,38.730133,206.85,14.66,1,0,124,46.69729,0.18,5.910329,139.18,14.54,6.3397336,1255,56.574932,18,1388,45.87009,131.13,40.996365,228,3815,1,83.3,95.28,133.57,64.95,150,15.924266,13.443496
1,32.21761,4104,98.9,41.082855,6.643627,1,2868,41,350.2854,30.853052,42.769417,False,27.02,43.1,0.0,2283,280,59.08,0,3.33,58.86,44.11,0,74.5,1,107,1009,682,164.65,464,62.217392,16.34,87.53,64.41147,162.75,39.73,26.411875,49.05799,7,,49.922745,25,60.88,12,35.588535,64.96,218,75.88,290276,66.9445,501,23.932667,18.256594,33.82532,26.14459,158.42,8.97,1,0,341,66.174675,0.08,8.664715,148.75,21.31,3.8790865,1350,60.48223,15,1431,25.549212,83.19,18.638643,135,3815,0,95.0,64.3,106.76,122.78,235,12.416139,20.269278
0,26.595743,2349,96.0,35.331253,3.5374484,5,2302,6,177.73741,32.299248,41.51531,False,64.57,60.0,100.0,2131,211,11.44,1,2.14,170.57,110.53,0,61.5,0,123,387,45,145.5,0,57.173912,8.7,107.2,56.412136,42.39,15.75,37.301785,16.31955,0,1.0,8.807026,27,34.69,5,43.587868,91.74,45,79.44,296804,59.160774,21,69.35432,6.905774,82.76479,21.83866,138.74,50.47,4,0,298,17.23521,0.36,8.09514,146.6,19.91,21.825808,685,59.605614,4,1315,4.947241,203.56,25.947067,142,2791,1,81.7,53.71,37.22,21.66,0,28.311481,48.46319
0,51.548172,3068,76.6,21.276596,1.0620981,5,3220,6,117.540215,16.423862,33.125755,False,33.64,100.1,0.0,4049,107,14.7,0,2.14,162.58,142.49,0,119.2,0,0,117,47,201.66,0,46.217392,2.61,90.52,63.165817,51.81,8.89,16.875559,16.344893,0,1.0,8.508993,28,30.26,4,36.834183,41.47,47,40.36,219968,82.06234,82,66.159355,4.0195327,78.91675,25.331652,155.23,42.47,4,0,336,21.08326,0.36,0.4801823,204.2,1.18,18.3662,453,83.095955,2,1063,6.3570313,193.93,43.288357,68,3217,0,49.2,62.25,36.15,20.91,0,15.210018,64.42555
0,29.579657,2360,68.2,40.78014,7.479407,5,2261,4,177.47794,42.40939,29.493164,False,50.89,74.0,0.0,1803,201,36.91,0,0.8,174.26,55.88,1,68.4,0,27,301,72,157.45,0,62.652172,18.16,89.3,63.220757,38.48,31.42,27.672981,31.956276,0,2.0,5.0123563,35,54.07,6,36.779243,67.19,72,102.97,322251,64.84761,229,71.77101,15.470974,84.151566,23.21664,153.5,15.02,4,0,383,15.848434,0.2,4.1392093,129.78,10.05,6.4954157,684,53.4514,5,1441,15.961771,204.32,32.001385,14,2830,0,94.3,56.37,64.9,12.17,0,25.057858,27.514894
1,17.695452,1947,57.9,52.36198,5.6333675,2,1985,21,349.87323,41.908245,29.95809,True,26.74,76.1,40.0,1912,385,17.03,5,2.83,63.95,66.35,2,34.2,0,261,832,305,121.83,200,62.04348,10.94,51.28,73.59559,104.12,42.24,31.632336,26.550882,2,,33.305866,27,49.87,9,26.40441,61.43,105,81.39,260460,62.73429,267,32.929966,22.925373,46.385166,33.76416,142.93,26.99,0,0,295,53.614826,0.13,7.8729215,97.53,15.29,13.964919,1127,50.218838,11,1427,8.811507,90.08,39.374966,396,3301,2,101.2,65.57,48.92,64.68,0,14.51289,36.010857
0,28.716303,2402,56.5,31.510323,0.16481869,2,2304,15,74.19672,15.133353,29.233713,False,62.02,63.5,100.0,2179,75,0.0,1,5.72,43.08,32.27,0,55.5,0,57,0,119,151.49,0,51.217392,0.33,68.61,65.7327,118.09,87.53,24.173407,3.0810235,0,,37.328938,20,37.94,10,34.267307,48.4,119,30.3,221600,75.66177,0,21.516333,46.65778,41.01988,41.154728,131.61,7.09,0,0,239,58.98012,0.38,2.517231,164.88,5.04,3.668443,239,82.34942,0,1178,0.0,82.13,32.85559,116,3121,1,60.9,82.4,5.78,74.74,0,33.0597,17.201492
10,56.19082,3656,78.1,15.677549,3.0062423,2,3356,52,664.666,45.338326,40.40979,False,47.35,59.1,0.0,3110,611,29.07,0,6.44,52.56,74.16,0,108.6,0,782,1589,1064,144.59,703,79.21739,6.02,85.89,57.108616,123.03,26.95,24.789013,24.566841,9,,45.415962,45,48.78,27,42.891384,49.64,361,90.79,343910,72.20474,191,26.24588,13.69341,38.564865,28.338161,114.36,17.46,0,0,552,61.43513,0.12,30.067415,49.25,60.21,9.033993,2141,24.594257,20,1822,15.041134,77.23,30.578981,36,3570,0,30.3,56.75,48.35,90.95,64,24.058737,37.681015
1,39.323227,2349,80.9,41.44461,2.3877318,6,2537,1,282.1959,30.827257,41.85854,False,40.14,70.5,0.0,2663,296,77.07,2,0.32,109.6,51.01,0,76.0,0,416,747,284,148.11,251,59.52174,4.78,84.41,57.83295,63.5,38.55,23.627554,30.995958,3,1.0,18.32351,14,47.43,3,42.16705,47.3,33,61.71,258481,73.98471,156,54.750725,20.509684,68.280136,26.925768,115.77,27.94,3,0,162,31.719866,0.32,9.661305,119.13,19.34,14.45646,909,59.51144,9,1369,39.876854,136.69,36.477467,70,2818,0,80.1,53.9,58.26,36.68,48,21.355608,27.138754
0,25.249651,1856,52.3,46.929165,2.2318032,6,2060,0,65.50422,33.845608,27.060589,False,28.97,77.7,0.0,2136,113,0.0,0,0.0,116.25,115.8,1,48.8,0,58,0,23,132.89,0,55.347828,4.4,87.71,55.513287,53.83,19.52,30.362669,0.0,0,2.0,16.042807,18,20.58,2,44.48671,59.86,23,66.73,224897,67.40553,0,58.96226,11.881429,72.6973,24.994928,109.45,77.56,3,1,211,27.302698,0.0,2.7541082,125.0,5.43,40.130386,211,63.400284,0,1273,0.0,143.33,40.20282,64,2880,0,90.7,49.28,0.0,31.63,0,17.633451,70.485115
1,49.671444,2973,67.5,22.973042,2.8428485,6,3001,3,104.93092,39.51736,34.925232,False,40.9,98.9,0.0,3045,245,9.76,0,0.64,89.65,55.66,10,96.0,0,123,153,124,116.1,53,58.347828,4.83,89.87,47.10418,48.92,7.67,28.822836,15.273941,1,,14.374007,17,29.88,6,52.895824,48.97,71,67.14,192666,68.33431,46,52.76944,6.234759,71.2066,32.856556,80.03,23.34,3,0,185,28.79341,0.21,5.7680984,92.96,9.8,12.076369,338,54.714535,2,1342,5.04993,120.98,51.171936,16,3268,0,44.4,55.82,18.79,24.42,46,33.246628,45.24468
0,49.804604,3152,51.1,32.23322,1.9140165,16,3257,11,145.99081,20.60658,14.5762615,False,54.03,252.9,0.0,3473,160,29.7,0,4.41,318.82,177.67,0,174.6,0,51,499,11,239.86,0,45.086956,7.15,70.72,81.069145,25.37,55.74,33.876755,13.036638,0,6.0,4.2749686,30,36.07,1,18.930857,126.55,11,76.98,315309,64.20923,108,85.34411,16.863825,93.20877,10.380919,302.85,35.52,7,6,354,6.79123,0.4,2.773242,286.23,10.36,10.132071,853,76.62018,6,1037,8.471917,348.2,72.139656,536,3732,0,113.0,38.78,43.09,15.97,0,16.346474,53.753063
0,33.26012,2725,145.3,33.34569,0.719386,16,2782,0,147.36002,26.686811,41.446785,False,41.35,81.7,0.0,2844,122,34.07,1,0.0,210.17,142.9,0,116.6,0,3,398,367,248.94,255,54.434784,2.69,188.17,49.679092,113.55,28.51,32.706657,30.130373,3,,19.123901,40,36.69,10,50.320908,122.3,112,99.79,405863,66.57396,111,56.205708,9.362582,69.633354,24.670393,185.77,65.88,7,0,463,30.366646,0.0,0.7461289,271.35,2.79,18.792252,861,72.567055,5,1252,9.718458,260.38,23.304901,36,3079,0,116.9,92.25,91.75,71.51,44,13.579192,46.927845
0,27.726274,2620,155.7,35.39949,3.5444865,16,2498,0,196.65117,36.137714,44.413383,False,15.6,75.4,0.0,2369,233,13.89,0,0.0,188.99,286.01,0,97.2,0,403,700,321,265.24,200,62.130436,13.25,182.56,51.163662,117.18,4.28,25.501577,10.503526,2,1.0,18.157986,37,18.22,10,48.836338,95.33,121,135.09,491133,70.95393,0,50.555065,1.252231,68.654205,31.28695,191.26,251.5,7,0,449,31.3458,0.0,5.323418,218.83,19.9,71.74031,1149,58.53887,7,1429,3.9621189,256.65,21.50783,32,2975,0,124.1,116.96,35.9,67.88,0,4.564206,83.68004
0,32.375843,2979,91.0,38.109367,1.7860997,1,2734,18,242.86162,32.398888,25.957726,True,46.6,138.5,37.5,2631,193,111.68,8,3.18,155.28,39.64,0,113.5,2,62,1130,172,277.98,84,54.782608,6.62,26.46,92.8608,162.39,88.55,23.2139,49.092762,3,,26.246492,28,66.74,8,7.1391954,86.04,88,120.08,418718,75.0,526,41.8951,25.79001,56.185413,31.858406,344.17,12.09,0,1,289,43.814587,0.18,3.9878044,235.77,14.78,3.4486692,1419,63.613308,17,1260,31.85669,208.24,39.507088,747,3451,3,133.6,118.08,168.56,97.28,224,13.572157,11.545071
0,47.32293,3748,99.0,28.410873,0.66065574,1,3788,11,296.77383,27.78274,28.239723,False,46.17,173.0,42.857143,3914,293,101.29,7,7.46,214.01,74.81,0,165.9,0,498,1414,407,238.2,266,56.391304,2.44,54.05,85.365395,122.45,78.7,34.844177,33.753567,4,,22.11843,27,48.83,12,14.634609,128.69,141,102.61,403290,64.49516,188,57.945465,26.109747,66.84537,19.936098,315.28,19.18,0,0,320,33.15463,0.68,10.59486,227.59,39.13,5.47109,1734,61.622395,16,1297,28.892944,246.88,49.3482,519,3677,3,99.6,73.63,101.74,81.69,133,15.317498,24.819191
0,32.23322,3004,163.4,34.458168,0.33415076,1,2898,8,185.01297,28.753134,46.609802,False,37.28,88.0,100.0,2853,213,4.51,1,5.72,127.19,275.52,0,113.0,2,254,100,351,286.35,0,53.913044,1.24,85.32,77.00827,170.38,9.97,22.50128,6.0431404,0,,29.523836,74,14.29,29,22.991728,83.5,351,106.7,416712,77.16457,0,34.274704,2.902221,54.086605,36.20146,285.77,185.94,0,0,981,45.913387,0.71,3.5112777,251.36,13.03,53.039333,1081,67.73559,1,1240,1.2864764,200.71,25.101976,260,3409,1,120.8,134.34,20.76,109.56,0,10.852036,80.2026
0,37.490757,2929,146.4,37.035984,0.73693556,2,2897,0,295.54886,36.377815,41.612183,True,58.6,134.3,60.0,2910,289,23.59,5,0.0,166.98,171.03,1,131.9,1,203,1096,435,269.78,200,56.565216,2.74,78.37,78.92203,150.34,66.99,26.7045,14.595031,2,1.0,23.13216,55,36.04,20,21.07797,99.29,235,135.26,440596,72.55856,87,44.908825,19.288244,59.56537,31.959011,293.44,54.61,1,0,637,40.43463,0.0,4.658168,219.24,17.32,15.522141,1733,58.964012,13,1301,6.705133,221.47,38.172928,567,3163,3,130.3,118.83,50.69,86.01,0,16.872534,49.24419
0,36.098003,2765,106.0,40.10574,2.13861,2,2977,12,266.89783,32.064,30.129044,False,125.56,144.5,66.666664,3134,281,41.96,3,4.03,205.12,137.44,0,127.0,0,569,1059,301,238.0,187,58.913044,8.02,70.78,81.125336,111.38,12.93,34.39642,19.356443,2,,18.647503,47,42.36,11,18.874666,128.99,114,120.24,462771,63.464977,276,54.697212,3.7789338,70.29867,26.65529,304.22,45.49,1,0,506,29.701334,0.34,9.506667,219.11,35.65,12.929907,1565,58.429333,13,1355,11.926553,263.62,41.07214,341,3109,2,141.1,99.96,66.23,69.93,32,36.69628,40.168343
0,39.110912,2776,102.8,23.620033,0.14714298,2,3008,0,118.18543,11.199215,29.219486,False,110.99,120.6,100.0,3146,82,46.93,1,0.0,178.45,114.14,0,137.6,0,162,257,106,320.29,0,47.913044,0.54,83.99,77.11382,141.14,56.1,12.577999,17.523022,0,,20.6485,40,50.25,10,22.886183,46.16,106,41.1,335224,87.27485,173,48.623978,16.452578,61.541187,30.72752,283.0,38.02,1,0,436,38.458813,0.0,1.5368265,320.25,5.64,10.806663,693,87.263954,4,1102,13.339208,225.85,34.278893,142,2905,1,83.1,112.77,59.75,75.78,14,32.550297,33.474102
0,35.160023,2935,107.9,39.565685,0.2912881,9,2625,4,260.07617,32.22608,30.669092,False,79.63,157.9,50.0,2114,209,29.21,2,2.27,229.51,147.67,0,123.7,0,358,1084,302,265.4,218,57.782608,1.09,131.53,64.85034,111.51,27.72,28.784075,25.911509,3,4.0,19.546219,37,43.7,7,35.14965,107.71,84,120.59,450324,70.924644,317,61.33515,8.053224,70.19963,19.11863,242.67,60.31,6,0,441,29.80037,0.57,5.5237837,232.94,20.67,17.142288,1525,62.25013,14,1329,8.302541,262.68,44.8809,206,3302,1,139.2,71.54,89.19,73.14,81,23.134132,42.90114
1,33.39776,2870,125.0,32.63032,0.5270057,9,2853,0,301.34726,29.894066,35.52953,False,65.13,99.0,0.0,2873,297,64.67,0,0.0,167.94,196.86,0,117.5,0,459,1349,502,244.8,333,60.47826,1.97,169.58,54.63471,144.57,18.82,33.98518,20.836153,4,2.0,22.142265,35,31.52,14,45.36529,127.04,169,111.75,477736,65.487816,151,44.926567,5.305593,61.326305,32.931168,204.23,80.06,6,1,418,38.673695,0.0,7.516987,233.97,28.1,22.755955,1767,62.588943,15,1391,18.381557,229.25,28.139389,108,2998,0,114.8,123.1,73.91,82.77,66,18.36096,55.49729
0,39.565685,3284,121.1,28.139389,3.1988227,9,3125,0,192.88272,28.41612,34.42101,False,33.09,121.5,0.0,2864,277,16.97,0,0.0,174.31,221.4,0,139.2,0,354,600,300,289.89,200,58.652172,11.74,158.9,56.704174,129.49,2.79,17.814226,14.157019,2,,18.810963,45,15.8,9,43.29582,65.38,100,104.29,438568,78.98695,9,47.49332,0.9308999,64.71758,33.69571,208.11,192.2,6,0,531,35.282417,0.0,6.288657,239.64,23.08,54.630207,1131,65.29523,6,1349,4.8234887,237.52,34.534706,18,3243,0,99.0,123.67,42.43,69.04,9,11.040673,73.871414
1,54.268635,2489,162.9,60.58908,4.2868896,10,2276,2,356.43564,40.632896,50.71922,False,75.77,203.3,33.333332,1995,342,50.43,3,1.3,209.6,104.49,2,174.3,0,303,1639,237,179.42,157,62.95652,14.59,130.95,61.52377,86.65,50.39,42.99524,27.673252,2,5.0,14.056532,24,47.35,7,38.47623,146.33,80,138.29,443276,52.717873,381,61.585472,15.801192,74.54017,24.357996,209.39,39.25,7,1,269,25.459835,0.65,9.252513,170.56,31.49,12.220562,1908,50.114597,21,1448,15.701476,253.69,63.29784,300,3056,1,194.6,82.9,88.25,47.84,44,23.759798,32.76576
0,59.876987,2706,138.8,39.997284,1.4612311,10,2547,4,107.044556,12.460432,47.16757,False,68.39,150.0,100.0,2363,131,70.74,1,1.37,196.4,70.27,1,176.2,0,160,388,264,259.08,192,54.695652,4.57,151.45,51.57474,72.64,41.07,15.69944,18.252523,2,2.0,11.085886,12,24.95,6,48.42526,49.1,72,38.97,302545,82.839325,111,62.79977,18.680067,76.77378,26.114346,161.3,20.49,7,0,137,23.22622,0.34,3.0919266,264.11,9.67,6.9629936,525,84.44763,5,1258,24.039148,240.11,50.9736,162,2702,1,117.7,81.67,40.13,34.67,7,31.106155,31.961243
0,17.619604,2758,22.2,12.368729,7.1263366,10,2285,0,108.51809,11.519005,25.904318,False,4.43,15.6,0.0,1874,275,11.93,0,0.0,38.99,23.76,0,15.1,0,44,132,11,44.57,0,49.260868,4.93,29.82,56.901283,12.3,11.37,28.447529,18.58407,0,,5.737823,2,36.14,1,43.098713,19.68,11,7.97,52968,64.42613,67,56.352074,23.399876,82.22286,37.910103,39.37,18.7,7,0,23,17.777134,0.0,5.6366525,57.32,3.9,21.820305,155,82.84434,2,1133,13.920654,56.89,18.203035,4,2812,0,10.6,26.23,9.03,3.97,0,9.117102,48.89895
1,31.166325,3040,79.0,43.215645,1.7706505,4,2596,5,263.40372,33.813198,24.5968,True,73.72,154.7,66.666664,2270,192,67.46,6,1.4,137.76,33.25,0,100.1,0,138,942,423,221.24,205,60.434784,6.15,42.41,87.78936,145.24,61.38,34.532,47.803303,3,1.0,25.595991,43,62.61,19,12.210641,119.94,218,117.44,412737,63.69735,445,39.663708,19.030788,58.182655,34.740295,304.91,15.08,2,2,468,41.817345,0.28,7.1634226,205.0,24.88,4.6951866,1410,59.023376,14,1390,21.0038,202.08,48.166138,737,3103,4,138.8,120.66,154.18,88.9,105,22.856789,10.309118
2,34.061897,2986,147.0,34.342113,3.5974538,4,2734,0,255.55763,31.058815,45.76873,False,41.3,88.0,50.0,2583,278,80.76,2,0.0,115.23,108.98,0,109.4,2,235,1153,379,251.9,300,60.347828,12.49,104.53,69.8917,185.21,30.19,23.848614,40.081013,3,1.0,35.55114,19,38.56,7,30.108301,82.8,79,107.83,433096,72.55393,52,33.18932,10.023573,46.654568,31.25954,242.65,60.57,2,0,215,53.34543,0.0,6.400138,217.13,22.22,18.858583,1368,62.541042,12,1388,25.14478,161.98,27.398968,266,3144,1,110.3,108.53,120.72,123.43,5,13.712275,36.18314
0,45.23943,3202,97.8,30.948378,0.5195715,4,3159,2,101.06483,16.471584,30.450216,False,74.72,125.6,100.0,3128,161,2.91,2,0.0,153.45,184.58,1,145.3,0,132,300,202,263.42,100,45.695652,1.78,65.88,80.77002,157.12,4.21,22.589685,10.53811,1,,31.638401,22,19.9,9,19.229982,77.39,102,56.43,277147,76.89075,0,44.79115,1.429299,54.1376,23.57045,276.71,160.74,2,0,241,45.8624,0.0,1.833095,279.88,6.28,50.046707,541,81.69532,3,1051,0.906034,185.47,39.105797,255,3356,2,99.4,80.75,31.04,108.39,0,25.367512,62.665085
0,24.640257,2201,114.3,43.196842,2.4514146,5,2198,15,103.505745,27.007244,31.751762,True,50.88,95.6,200.0,2179,159,6.6,1,7.4,182.11,236.16,0,88.7,0,103,187,72,275.87,0,54.52174,9.41,114.21,70.24697,147.18,3.99,25.681236,7.347745,0,2.0,19.223154,36,17.74,6,29.753036,98.58,72,103.67,431386,71.86735,12,47.441776,1.2702557,61.657898,33.33507,269.65,125.13,4,0,434,38.342102,0.49,1.9356016,272.76,7.43,34.76026,621,71.05716,2,1254,1.8334352,236.68,26.55703,262,2326,2,155.5,127.96,23.08,73.79,0,16.198149,75.18385
0,32.474026,2461,134.0,31.196177,1.0066164,5,2453,0,79.17107,21.123495,37.22429,False,67.33,102.9,0.0,2436,105,0.0,0,0.0,173.33,178.08,0,116.9,1,97,0,168,290.68,0,53.04348,3.91,143.78,62.98432,152.06,66.93,24.158794,5.705833,0,2.0,22.671335,40,21.09,14,37.01568,93.84,168,82.05,423453,74.834595,5,44.624374,20.205894,60.852665,32.70429,244.65,66.18,4,0,475,39.14734,0.0,2.0827432,298.29,8.09,18.384354,475,76.793755,0,1220,0.0,236.37,28.58492,226,2360,1,112.3,127.03,18.9,88.06,0,20.326653,53.761623
2,43.113506,2761,108.9,24.806932,1.5564002,5,2667,15,399.3555,46.430042,30.25168,False,50.88,162.4,100.0,2427,420,50.11,2,5.66,201.8,199.37,0,155.2,0,1096,1699,377,317.32,100,69.0,6.06,116.2,70.15616,125.35,40.36,16.945757,17.611204,1,,16.29896,59,35.61,23,29.843847,65.98,277,180.78,558638,81.49784,407,51.82997,11.442181,67.80614,31.871067,273.16,116.68,4,0,697,32.193855,0.38,11.698686,163.03,45.55,32.41291,2396,41.871277,21,1587,13.9202175,264.01,45.113613,224,2574,2,89.3,124.09,62.12,63.46,0,14.424631,56.521988
0,26.001444,3067,155.0,47.669315,4.242048,3,2273,53,294.183,33.025337,43.057945,False,64.04,92.1,50.0,1925,218,113.58,2,5.53,180.62,52.4,1,93.6,3,67,1468,517,221.32,388,62.695652,16.39,144.06,62.714497,150.49,52.91,38.476074,53.087345,7,2.0,26.405426,27,58.46,12,37.285503,148.66,129,127.6,493121,57.28188,754,46.74915,14.656916,61.049282,26.84543,242.31,20.34,5,0,297,38.95072,0.1,10.373477,218.69,40.08,5.650314,1765,56.601185,24,1442,31.551752,235.87,25.584753,453,3214,1,171.6,103.72,191.64,102.02,239,17.740105,14.515638
0,28.446024,2701,94.2,31.307295,1.5505682,3,2708,0,297.84988,37.806427,26.16812,False,76.45,116.4,100.0,2717,323,58.82,2,0.0,196.35,124.51,1,102.4,0,615,1298,300,265.45,100,61.652172,5.99,90.86,76.480034,119.28,46.12,29.735188,27.57226,1,2.0,19.220316,42,39.91,17,23.519972,114.87,200,146.05,487685,68.71425,212,50.827057,13.519377,69.123245,29.95263,295.45,42.58,5,0,489,30.876757,0.0,8.612254,206.99,33.27,11.828435,1787,53.58132,15,1418,16.339796,267.03,32.33513,310,2940,2,112.7,115.71,94.06,74.25,0,22.410154,36.498215
0,46.53036,3330,114.6,22.251236,1.0658517,3,3508,0,454.52524,34.035343,31.8351,False,71.79,155.3,100.0,3594,424,75.33,1,0.0,223.71,166.02,0,167.5,0,1133,2242,625,275.08,487,65.26087,4.15,115.06,70.44894,111.14,49.41,28.28488,20.543322,5,1.0,16.889256,43,45.32,12,29.55106,110.13,138,132.52,524823,70.64927,474,57.455826,13.668806,71.45573,25.654922,274.3,71.89,5,0,485,28.54428,0.0,15.825972,195.22,61.62,19.970552,2727,50.13869,27,1501,20.926163,278.22,43.141285,178,3389,1,80.1,99.89,74.26,65.76,12,19.86002,45.927853
0,44.413944,3035,59.3,54.082714,1.4244187,5,2591,7,204.35406,30.559917,36.99083,False,25.42,101.6,0.0,1975,202,45.69,0,1.33,113.96,27.91,0,71.2,0,89,398,81,79.02,46,58.826088,2.45,64.3,62.614105,32.3,23.14,52.633724,52.5885,1,2.0,11.053611,13,55.91,3,37.385895,90.53,35,52.56,193684,45.94186,108,66.26352,14.3468275,81.21983,22.682869,107.69,4.97,4,1,148,18.78016,0.19,8.227223,105.28,14.15,3.100243,546,61.212864,5,1353,28.50103,139.69,63.37721,147,3194,0,86.7,39.01,84.82,19.01,53,15.76043,17.304234
0,20.092224,2727,25.4,32.608696,0.0,5,2723,0,215.41501,19.155432,27.887571,False,13.99,26.7,0.0,2721,339,24.9,0,0.0,60.97,27.73,0,18.3,0,112,300,115,80.68,100,56.782608,0.0,53.3,43.871105,21.02,0.0,15.03791,9.559939,1,1.0,11.741785,3,38.87,2,56.1289,14.28,15,18.19,90929,84.96209,9,64.20598,0.0,77.86436,24.05223,41.66,11.71,4,0,27,22.135635,0.0,15.395955,62.15,14.62,12.856829,327,65.44861,3,1306,27.338602,73.94,29.314888,70,2709,0,29.7,22.84,4.41,11.15,9,30.327335,60.112724
0,60.819664,3239,72.0,25.762585,0.6512007,5,3152,7,239.91017,28.377907,44.912983,False,17.37,69.1,0.0,2818,212,32.72,0,14.64,107.34,55.63,0,97.5,0,169,481,242,129.5,175,57.652172,1.12,80.74,53.05814,41.43,20.91,24.053726,35.616344,2,1.0,15.122093,14,47.66,6,46.94186,41.37,67,48.81,188144,75.29508,123,62.40698,14.335665,75.91139,22.470932,91.26,12.38,4,0,160,24.088612,2.09,6.4651165,112.07,11.12,7.7225375,641,65.156975,6,1326,20.410456,130.56,43.103985,6,2910,0,41.3,38.65,51.95,26.01,24,11.90868,38.139313
0,16.343334,2241,80.5,57.139294,10.554781,0,1837,15,296.0514,39.34636,50.21521,True,17.03,29.4,80.0,1572,285,55.39,5,1.57,53.32,34.68,0,26.2,0,36,660,240,106.25,187,62.217392,18.15,35.1,79.58828,98.54,27.65,27.657597,52.86011,2,,40.544315,13,53.45,6,20.411724,47.56,53,67.66,223916,61.78763,257,31.007212,16.424116,42.695976,28.448479,136.86,11.61,0,0,131,57.304028,0.1,6.4026513,93.29,11.01,7.2422185,791,54.250988,9,1431,34.551807,73.42,18.339468,641,3530,4,91.6,48.92,88.99,69.72,24,10.11583,20.59994
0,37.05321,3323,22.2,24.01597,0.0,0,3282,0,118.27085,20.174316,13.848169,False,41.75,71.8,0.0,3173,115,18.89,0,0.0,87.13,40.73,0,59.4,1,70,170,83,116.64,0,48.173912,0.0,26.75,84.45671,66.01,25.53,32.22151,22.778296,0,,26.606623,13,46.2,7,15.543288,55.45,83,34.72,163356,67.77849,29,50.62754,18.252665,61.64439,22.765833,145.35,9.26,0,0,146,38.355606,0.0,3.1493316,131.96,5.42,5.7763085,316,76.67635,2,1108,11.78342,106.09,44.788227,72,3409,0,38.5,39.18,31.86,45.79,0,29.849146,29.119898
0,62.004868,4188,54.1,16.468094,0.0,0,4112,14,149.70995,13.144286,33.747116,False,31.43,83.6,0.0,4158,142,15.73,0,6.68,76.16,30.54,0,99.4,0,153,230,247,125.84,176,46.565216,0.0,46.67,72.88047,74.11,25.3,26.875473,31.18593,2,,29.40903,15,53.04,6,27.119532,46.25,71,22.62,159669,73.12453,78,44.255917,19.949533,56.935326,26.335058,125.42,8.74,0,0,170,43.06468,0.48,1.7665178,146.43,3.04,5.4519367,400,85.0892,3,1071,9.812239,97.98,52.148964,0,3875,0,26.4,45.32,39.55,50.61,23,24.783155,24.081373
0,31.430773,2768,18.8,37.022755,3.0138426,4,2875,1,325.10605,33.90573,36.251442,False,16.93,13.2,0.0,2763,216,4.82,0,0.7,43.42,14.2,0,16.3,0,33,200,111,42.75,100,60.565216,1.72,20.17,64.65744,8.89,1.71,22.07815,32.74626,1,1.0,5.7658606,8,64.55,1,35.342564,12.6,11,19.35,67679,74.908005,15,76.095345,3.5019455,84.42264,18.138802,36.9,15.56,3,1,81,15.577362,0.7,11.284388,31.28,6.44,30.003857,281,54.809883,2,1393,9.294254,48.18,25.453142,74,2325,0,19.2,10.35,15.99,3.29,0,34.671307,29.080482
1,44.583145,3048,27.3,35.072075,0.0,4,2840,0,396.79,31.71342,40.570663,False,11.44,30.0,0.0,2163,238,12.56,0,0.0,55.81,14.28,0,30.0,0,0,397,12,46.77,0,57.260868,0.0,26.33,65.323326,8.29,9.66,38.403793,46.716873,0,2.0,0.0,4,51.08,1,34.676674,29.16,12,24.08,84811,61.596207,102,73.5116,14.548194,89.08205,26.488409,49.6,8.43,3,0,48,10.917951,0.0,5.25484,47.86,3.99,12.527864,445,63.03174,5,1317,18.665478,67.64,44.583145,0,2178,0,23.6,20.11,31.02,0.0,0,17.228918,21.506025
0,44.880367,2729,24.2,43.840096,0.0,4,2587,0,101.649574,14.363903,35.963737,False,44.22,34.5,0.0,2763,9,0.0,0,0.0,67.49,0.0,1,30.2,0,0,42,0,62.34,0,46.347828,0.0,35.94,52.022423,2.38,4.51,16.780136,3.5240545,0,,0.0,6,49.3,0,47.977566,12.57,0,10.76,50132,83.21986,57,90.09479,8.9289255,96.82286,9.90522,38.97,0.0,3,0,72,3.1771462,0.0,0.0,64.15,0.0,0.0,114,85.63609,1,1066,0.0,72.53,51.27062,0,2437,0,29.5,7.42,1.78,0.0,0,87.54702,0.0
0,32.099865,2237,22.2,34.477634,2.0849936,0,2592,4,241.64066,30.24306,32.991528,True,20.05,32.5,100.0,2263,161,9.9,3,0.28,29.11,4.13,0,21.6,0,0,98,161,54.12,98,61.913044,1.57,2.52,96.65339,38.78,17.86,26.042498,39.83972,2,,37.277554,16,63.33,6,3.3466136,19.61,63,22.77,87408,71.87251,119,38.658695,25.558098,48.499332,24.063745,72.78,2.66,0,0,173,51.500664,0.07,5.126843,48.66,3.86,3.953039,271,64.6301,2,1424,14.712438,36.52,48.29841,377,3121,3,23.2,18.12,27.84,28.07,109,28.69204,5.9101315
0,30.61376,2411,19.7,32.991528,0.0,0,3098,7,422.64822,32.66911,29.276268,False,24.8,18.8,0.0,3255,390,7.43,1,0.84,22.56,23.93,0,20.6,1,28,309,86,51.91,29,62.695652,0.0,3.74,95.097015,39.02,13.2,31.948086,16.861324,1,,24.832829,14,47.72,5,4.902989,24.37,57,24.92,93004,68.05192,21,29.579124,17.720499,48.84635,45.58804,72.54,4.3,0,0,165,51.153645,0.12,10.553224,43.31,8.05,6.3902516,474,56.777657,4,1442,11.0417595,37.26,27.93877,104,3144,0,22.2,34.77,12.56,18.94,2,33.29306,32.12512
1,43.097042,2424,20.7,25.709614,0.0,0,3455,0,85.59964,19.647732,30.762371,False,22.05,25.0,0.0,3976,237,0.0,0,0.0,26.9,29.0,1,29.0,1,24,0,23,59.61,0,54.95652,0.0,10.88,85.14473,34.99,4.79,18.61005,0.0,0,,28.390003,8,19.41,2,14.85527,13.63,23,14.39,76218,81.38995,0,36.733578,8.57808,52.219036,34.876415,62.36,7.13,0,0,96,47.780964,0.0,4.888039,55.27,3.58,10.595928,96,75.46422,0,1264,0.0,38.24,37.152622,64,3126,0,17.3,25.54,0.0,20.79,0,39.487823,51.934097
1,25.08803,2840,135.6,40.382923,3.3326545,3,2483,9,195.25749,30.515036,37.30194,True,139.58,77.4,100.0,2175,177,31.11,4,3.81,174.74,106.42,0,91.2,0,221,560,287,239.3,96,56.260868,13.09,98.81,74.84407,164.61,66.96,35.742657,14.431017,1,3.0,26.864227,53,46.02,16,25.155935,140.39,191,119.86,457628,60.92469,253,44.486874,18.308088,58.092113,28.648895,293.98,41.63,4,0,623,41.90789,0.42,4.898292,253.69,19.24,11.451915,1183,64.58668,8,1294,8.557989,228.18,21.291815,627,3049,4,146.8,112.53,52.78,105.52,3,38.163723,29.097174
0,36.916813,3902,116.5,33.258144,1.9553578,3,3104,78,335.71744,35.41537,32.047756,False,43.15,137.2,50.0,2472,294,108.99,2,10.42,206.09,75.74,2,134.2,2,234,1746,219,227.23,121,60.739132,7.56,78.28,79.75378,125.7,86.63,39.27269,41.067844,2,1.0,17.525347,27,52.87,9,20.246225,151.84,98,136.93,485793,58.771954,360,53.30281,24.840857,67.489136,29.171839,308.36,40.68,4,0,288,32.51086,0.13,7.601386,220.32,29.39,11.190581,2034,56.98324,21,1397,29.981846,260.94,37.742077,310,3260,1,120.9,112.79,143.22,67.76,78,12.373115,21.718185
1,41.235695,3156,110.0,25.940802,0.5003721,3,3325,7,206.64613,27.39357,30.259684,False,78.24,164.1,100.0,3306,212,50.4,1,3.82,191.71,180.53,1,149.9,0,308,821,283,295.86,163,53.652172,1.95,90.88,76.6795,123.63,12.84,23.581638,21.208519,2,,17.3826,37,39.65,10,23.320501,91.9,120,106.75,430938,75.917984,285,49.194252,3.7247624,68.2756,33.423145,298.82,48.98,4,0,431,31.724401,0.55,5.229798,262.56,20.38,13.473812,1252,67.37663,11,1234,13.864437,266.07,45.141945,146,3304,1,94.3,130.25,73.11,67.74,36,22.696684,52.370045
0,42.611134,2918,107.4,44.921875,0.951819,7,2872,6,366.2522,31.04572,29.544455,False,75.82,199.6,150.0,2523,346,62.14,2,2.18,214.58,90.5,1,154.9,0,764,1703,223,280.62,100,60.608696,3.71,127.78,67.21825,116.54,89.16,27.053722,27.02031,1,1.0,17.656115,47,47.91,11,32.781754,105.45,123,121.01,476838,71.99446,323,55.051567,25.46919,70.101845,27.292318,262.01,43.57,6,0,516,29.89815,0.36,10.89589,226.3,42.47,11.985586,2219,58.05839,20,1394,17.093971,273.25,54.907574,485,3085,3,163.3,106.38,94.59,68.82,0,21.658525,25.851973
2,33.423195,2808,158.0,32.46039,1.1218194,7,2748,0,349.08673,34.636177,43.46391,False,43.6,86.6,100.0,2651,375,25.72,1,0.0,165.56,193.05,0,121.5,0,809,1630,529,336.82,300,60.608696,4.4,173.38,55.795216,153.49,15.83,13.002907,27.462866,3,2.0,22.762156,41,38.51,19,44.204784,51.0,229,135.85,490163,85.875275,80,42.20993,4.5479355,60.866352,35.02792,218.84,144.53,6,0,485,39.13365,0.0,7.70231,226.16,30.21,39.758472,2115,57.66152,17,1394,7.0752645,238.73,23.822624,166,2784,1,118.0,137.39,95.59,89.28,0,12.526216,55.462982
1,34.422485,2515,103.4,24.24516,0.7094575,7,2560,0,88.80494,27.040388,29.150574,False,22.16,113.9,0.0,2625,173,0.0,0,0.0,155.97,220.23,1,122.1,0,36,100,182,268.91,0,54.347828,2.54,171.12,52.20379,150.35,0.0,24.180212,3.287715,0,3.0,26.978941,35,10.69,15,47.796215,86.57,182,96.81,392256,75.11033,0,43.564606,0.0,58.005135,29.456455,186.9,190.69,6,0,425,41.99486,0.0,1.5055025,255.82,5.39,53.75941,525,71.4541,1,1250,0.0,207.67,32.11074,36,2752,0,86.0,105.46,8.24,96.59,0,8.841719,87.87057
0,31.581331,3073,87.0,33.05286,1.9219975,3,2627,1,155.98235,26.89394,32.826473,True,43.23,83.6,100.0,2294,171,39.19,2,0.16,108.61,49.71,0,83.7,0,381,402,230,195.13,123,55.086956,5.48,94.29,66.92972,122.44,54.89,29.640148,30.888266,2,,25.585716,24,47.62,9,33.070286,84.51,107,76.68,327764,68.43784,297,38.092735,25.661526,57.056675,36.32155,190.83,7.37,3,0,287,42.94332,0.16,4.184203,196.51,11.93,2.7808173,689,68.92186,7,1267,14.787004,162.68,31.543598,322,2533,2,87.6,103.56,66.07,72.95,76,20.210379,23.239832
0,38.788063,2772,92.0,36.524166,3.3100982,3,2603,7,244.72702,31.531754,34.71305,False,56.26,105.1,100.0,2451,176,51.41,2,4.31,119.33,69.35,0,102.8,0,198,870,245,211.74,198,58.608696,9.45,94.14,67.025116,125.24,32.89,22.52268,25.544907,2,2.0,29.12536,20,44.79,4,32.974888,64.3,47,90.02,347321,74.16721,142,41.79831,15.450019,56.131565,29.076323,191.35,34.77,3,0,211,43.86844,0.62,5.530842,179.68,15.79,13.119269,1081,62.93741,10,1348,19.397804,160.25,39.655888,320,2738,2,96.8,83.01,54.38,83.15,2,26.428034,32.577038
0,30.308743,2945,84.4,29.78098,0.0,3,2693,0,108.342445,27.15169,31.81664,False,65.2,78.6,100.0,2532,95,4.42,1,0.0,115.21,119.61,0,80.4,1,65,58,134,222.89,0,54.695652,0.0,95.2,66.556595,124.08,32.8,21.696821,8.743605,0,1.0,27.43624,39,36.08,12,33.443405,61.76,134,77.29,321622,78.303185,42,40.472843,13.754927,56.411156,32.090916,189.46,21.59,3,0,421,43.58884,0.0,1.6932482,202.55,4.82,8.138878,479,71.15506,1,1258,1.666227,160.58,29.63019,264,2467,1,79.0,91.35,20.85,78.1,1,27.34211,50.159355
0,51.013092,4398,172.1,29.996605,2.501321,5,3108,14,290.0049,26.419815,64.93604,False,24.75,43.1,100.0,1991,268,104.91,2,1.59,102.86,45.45,0,135.2,0,14,1052,689,144.4,589,57.130436,7.1,164.67,41.986965,151.87,35.35,46.626743,58.17649,9,1.0,45.79532,22,56.99,10,58.013035,132.35,100,74.99,277441,50.871933,561,36.23745,14.007211,46.49639,17.967236,119.18,22.89,5,0,229,53.503616,0.11,10.502396,179.04,29.81,8.636758,1281,63.07779,16,1314,39.584198,131.98,16.26231,252,3676,2,79.5,51.0,146.82,129.99,313,9.80703,18.009272
0,33.70151,2230,67.2,37.207375,1.6789016,5,2548,0,178.00732,29.525818,25.33268,False,55.32,123.7,100.0,2964,139,23.37,1,0.0,154.82,64.68,0,89.4,0,171,490,100,216.44,0,56.826088,4.78,111.07,60.988377,87.46,69.55,22.299885,24.75786,0,2.0,18.619598,26,56.99,9,39.011627,63.49,100,84.06,319485,76.02122,215,54.38005,27.607973,69.27994,27.00035,173.64,27.77,5,0,297,30.720055,0.0,3.15771,191.65,8.99,10.468579,787,67.316475,7,1307,8.809892,197.24,46.631737,216,3117,1,98.7,76.87,62.37,53.01,0,21.959352,25.674818
0,33.739212,2427,59.8,33.814606,0.92215985,5,2478,0,180.04298,22.913744,22.54307,False,36.85,112.1,0.0,2527,176,33.53,0,0.0,143.29,134.64,0,89.5,0,247,381,210,221.64,89,54.869564,2.63,100.04,64.92286,102.17,21.29,21.363955,19.227385,1,2.0,17.264473,36,35.05,11,35.077137,60.93,121,65.35,320967,77.71388,134,50.240173,8.920266,64.17602,32.495354,185.16,55.48,5,0,415,35.823982,0.0,5.0315566,205.5,14.35,20.914541,796,72.054695,5,1262,12.639953,183.03,42.25883,84,3041,0,89.7,92.68,45.89,49.24,20,15.439728,56.41262
0,35.027027,3306,68.6,28.92973,7.2427816,1,2843,38,358.3135,34.722843,29.664865,True,44.33,91.8,75.0,2831,303,74.47,4,3.63,70.14,41.72,0,81.0,0,176,1120,294,144.56,163,62.913044,17.81,30.01,87.79536,136.41,30.21,33.969093,52.40902,2,1.0,35.377605,24,52.97,13,12.204644,83.53,131,85.38,328275,58.788128,188,28.524948,12.366449,44.52397,36.09744,215.88,15.97,1,0,261,55.47602,0.1,7.5033555,142.06,18.45,6.905946,1381,57.7738,13,1447,32.203243,109.48,39.697296,477,3629,3,66.9,88.76,128.03,86.99,44,18.146465,17.078062
0,34.335136,3121,70.4,35.76216,6.063441,1,3345,46,324.58377,37.50864,30.443243,False,37.96,94.5,100.0,3230,264,101.33,1,7.95,85.81,27.3,0,79.4,1,18,1128,304,118.39,245,60.260868,14.91,38.99,84.14396,114.73,26.05,45.790974,61.363346,4,,26.397985,11,62.34,5,15.856039,112.6,59,92.23,315029,48.145588,608,34.89772,11.022722,53.342823,38.7043,206.91,15.13,1,0,123,46.657177,0.17,5.933547,139.07,14.59,6.5427027,1251,56.55781,18,1386,43.81838,131.17,40.864864,228,3814,1,82.7,95.17,145.02,64.91,82,16.062286,11.551643
1,32.475677,4105,99.2,41.124325,6.641181,1,2880,41,350.27026,30.712921,42.897297,False,26.97,43.0,0.0,2292,280,59.0,0,3.27,58.73,44.05,0,75.1,1,107,1009,682,164.29,464,62.173912,16.33,87.7,64.33365,162.67,39.71,26.544388,49.108376,7,,49.947132,25,60.88,12,35.666355,65.27,218,75.52,290246,66.81443,501,23.885635,18.25076,33.844402,26.167234,158.19,9.06,1,0,341,66.1556,0.08,8.731547,148.9,21.47,3.917838,1350,60.555534,15,1430,25.513514,83.22,18.594595,135,3813,0,95.1,64.34,106.85,122.81,235,12.395441,20.245428
0,26.724325,2347,96.7,35.286488,3.539175,5,2303,6,177.72974,32.312263,41.816216,False,64.61,60.5,100.0,2124,211,11.45,1,2.07,170.3,110.53,0,61.8,0,123,387,45,145.51,0,57.434784,8.7,107.52,56.260677,42.34,15.7,37.26711,16.316599,0,1.0,8.782849,27,34.69,5,43.73932,91.61,45,79.43,296763,59.193718,21,69.27833,6.8844557,82.77602,21.938816,138.3,50.48,4,0,298,17.223986,0.34,8.091287,146.5,19.89,21.82919,685,59.596455,4,1321,4.951351,203.48,26.162163,142,2785,1,81.6,53.93,37.21,21.59,0,28.331509,48.467445
0,51.545944,3054,76.8,21.362162,1.0784633,5,3192,6,117.53513,16.2909,33.21081,False,33.55,100.3,0.0,3994,107,14.71,0,2.07,162.51,142.54,0,119.2,0,0,117,47,201.49,0,46.217392,2.65,90.67,63.10178,51.93,8.95,16.9217,16.332067,0,1.0,8.505616,28,30.26,4,36.898224,41.58,47,40.03,220043,81.99984,82,66.13625,4.046844,78.86704,25.358133,155.06,42.44,4,0,336,21.13295,0.34,0.52091813,204.41,1.28,18.352432,453,83.18818,2,1063,6.361081,193.8,43.372974,68,3217,0,49.4,62.31,36.12,20.9,0,15.170013,64.45107
0,29.664865,2353,67.5,40.69189,7.4667425,5,2257,4,177.47028,42.40178,29.18919,False,50.97,73.8,0.0,1782,201,37.0,0,0.77,174.3,55.86,1,68.6,0,27,301,72,157.38,0,62.95652,18.13,89.24,63.246986,38.39,31.37,27.717146,31.958055,0,2.0,5.0078244,35,54.07,6,36.753017,67.3,72,102.96,322303,64.81611,229,71.78156,15.444833,84.18994,23.210608,153.57,15.06,4,0,383,15.810065,0.19,4.1388683,129.81,10.05,6.5124326,684,53.459354,5,1448,16.0,204.43,31.913515,14,2834,0,94.1,56.36,64.91,12.16,0,25.094776,27.502338
0,74.78165,2838,272.0,65.619576,0.85766846,19,2649,0,129.42686,27.157967,68.463844,False,47.66,281.9,0.0,2036,231,16.18,0,0.0,235.7,271.22,2,297.1,0,225,200,233,323.61,100,55.782608,3.73,215.03,50.55645,128.08,1.37,24.732122,5.7977405,1,8.0,16.00598,55,14.24,11,49.44355,107.56,133,118.11,485514,74.4102,0,54.19637,0.40298858,70.549545,29.797655,219.87,177.99,14,0,657,29.450447,0.0,3.4076798,301.97,14.82,44.801025,857,69.43435,2,1283,4.072592,306.82,70.95573,56,2432,0,260.7,129.59,19.71,69.61,0,14.019297,79.779976
0,29.851467,2080,86.3,56.509747,2.0376108,19,1867,0,244.42401,25.004488,41.75335,False,18.74,93.4,0.0,1474,363,19.94,0,0.0,129.65,107.95,0,61.7,0,405,600,272,157.7,200,60.52174,4.54,106.06,52.398907,61.74,2.2,27.184599,23.339083,2,5.0,16.359964,20,22.12,6,47.601097,60.57,72,55.71,251168,70.7778,0,58.1912,1.3085113,72.28905,25.448835,116.75,88.43,14,0,242,27.71095,0.0,9.416517,146.11,20.98,42.78388,842,65.578995,6,1392,9.647298,161.06,45.188446,50,2359,0,116.8,56.7,39.24,36.45,0,11.146136,64.20627
0,61.35659,2600,79.8,20.775194,0.0,19,2514,0,77.441864,13.532239,30.930235,False,126.65,148.1,0.0,2301,87,1.1,0,0.0,194.73,54.63,0,158.3,0,0,93,36,215.42,0,46.782608,0.0,103.28,61.52872,26.1,17.25,19.760122,1.4348128,0,1.0,4.6819134,21,39.57,3,38.471283,53.05,36,36.33,127712,80.239876,15,72.53055,8.564195,90.278244,22.787546,165.18,27.91,14,0,240,9.721757,0.0,3.64659,222.35,9.79,10.817829,333,82.821175,1,1076,0.42635658,242.37,57.403103,24,2573,0,53.6,61.18,2.89,12.57,0,62.878563,27.12243
2,27.259684,2428,165.2,48.4281,7.351974,0,2352,18,289.05835,36.73266,41.581715,True,113.84,111.7,75.0,2329,287,128.0,16,2.2,201.94,72.02,0,108.3,1,188,1607,536,260.75,359,62.565216,32.42,75.02,82.9875,187.36,56.88,33.51702,42.767548,5,,34.520138,29,54.16,17,17.012493,147.8,177,161.98,523021,59.131012,516,45.795536,13.410982,57.51185,19.684324,365.95,23.83,0,0,307,42.48815,0.12,7.651315,245.25,33.74,5.9981375,1914,55.61603,21,1439,32.218277,253.61,28.115482,1766,2961,12,192.4,86.8,181.39,152.22,159,26.840826,16.980642
0,38.96398,2318,139.3,32.84754,0.5830705,0,2715,0,204.78743,26.683456,35.06255,False,57.35,169.4,0.0,2822,243,5.27,1,0.0,197.9,262.35,0,154.8,3,241,700,642,303.62,400,54.695652,2.57,52.19,88.15909,194.9,8.23,30.53293,14.143212,4,,27.817228,58,20.61,20,11.840911,134.58,242,117.61,449030,68.883995,0,44.898697,2.154732,55.780922,27.28407,388.57,185.05,0,0,656,44.219074,0.0,4.47409,303.43,19.72,46.578064,1356,68.84246,7,1258,1.326487,245.86,42.638878,303,2976,0,130.5,120.26,54.02,122.61,0,15.015054,68.687
0,46.263435,3861,119.0,25.371895,3.273148,0,3183,0,212.18756,23.406525,29.95293,False,100.07,160.0,100.0,2987,161,53.3,2,0.0,192.28,109.8,0,183.8,0,434,873,557,360.13,334,53.608696,14.43,90.41,79.49282,202.76,55.2,15.03879,28.614132,4,,29.679953,48,42.18,19,20.50718,66.3,223,103.19,454379,81.688065,234,43.613766,14.865884,54.009117,26.706285,350.46,52.83,0,0,532,45.990883,0.0,5.287393,314.36,23.31,13.297591,1405,71.30608,11,1233,13.415893,238.11,40.272846,250,3047,2,100.8,117.74,106.25,130.85,70,26.9498,29.57018
0,34.858578,3293,68.8,28.846983,7.237831,1,2847,38,358.36002,34.744247,29.755213,True,44.39,91.2,75.0,2839,303,74.39,4,3.58,70.13,41.8,0,80.6,0,176,1120,294,144.75,163,62.869564,17.8,29.92,87.83394,136.29,30.21,33.903954,52.340004,2,1.0,35.339325,24,52.97,13,12.166064,83.38,131,85.45,328250,58.85821,188,28.516241,12.369487,44.581795,36.144432,216.01,15.93,1,0,261,55.418205,0.09,7.514028,142.01,18.48,6.8895426,1381,57.741726,13,1446,32.17282,109.64,39.442955,477,3630,3,66.7,88.89,127.83,86.91,44,18.17549,17.115013
0,34.469334,3114,70.0,35.939796,6.020325,1,3328,45,325.66388,37.37398,30.274197,False,37.71,94.7,100.0,3195,264,106.14,1,8.12,85.72,31.79,0,79.7,1,57,1131,309,118.8,249,60.173912,14.81,38.43,84.37742,114.94,33.69,45.686993,56.386303,4,,26.366924,12,60.92,5,15.622587,112.39,60,91.94,315199,48.292683,676,34.846943,14.239221,53.276424,38.78613,207.56,14.65,1,0,124,46.723576,0.18,5.8902435,139.57,14.49,6.335957,1255,56.73577,18,1384,45.904335,131.06,40.956665,228,3810,1,83.1,95.41,133.41,64.86,150,15.9382925,13.436179
1,32.220394,4108,99.2,41.08641,6.663685,1,2885,40,353.17014,30.716377,42.902863,False,26.22,42.8,0.0,2291,284,58.51,0,4.41,58.72,44.94,0,74.5,1,103,1009,700,164.47,464,62.260868,16.39,87.81,64.29907,162.7,38.82,26.467718,49.39493,7,,49.97561,26,59.5,14,35.700928,65.1,236,75.55,290279,66.86859,501,23.873802,17.862238,33.851032,26.150595,158.15,9.28,1,0,352,66.14897,0.11,8.72093,148.96,21.45,4.0134935,1361,60.562695,15,1432,25.304905,83.26,18.51051,135,3812,0,95.0,64.32,107.35,122.92,235,12.064603,20.678232
0,26.468298,2362,96.8,35.723553,3.5147672,5,2311,6,177.75279,32.310947,41.86489,False,64.61,60.1,100.0,2122,211,11.48,1,2.11,170.42,110.47,0,61.2,0,123,387,45,145.47,0,57.04348,8.64,107.76,56.16483,42.24,15.66,37.30779,16.345774,0,1.0,8.749949,27,34.69,5,43.835167,91.71,45,79.43,296746,59.17745,21,69.32433,6.8681197,82.81739,21.925722,138.07,50.56,4,0,298,17.182606,0.35,7.993329,146.75,19.65,21.866621,685,59.69573,4,1312,4.964968,203.59,25.992561,142,2789,1,82.6,53.9,37.27,21.51,0,28.336475,48.449627
0,51.595882,3072,76.9,21.062191,1.0699756,5,3224,6,117.550385,16.3717,33.25837,False,33.61,100.5,0.0,4040,107,14.69,0,2.08,162.61,142.52,0,119.3,0,0,117,47,201.4,0,46.217392,2.63,90.61,63.135193,51.75,8.89,16.99349,16.337326,0,1.0,8.486574,28,30.26,4,36.864803,41.77,47,40.24,220052,81.93653,82,66.15541,4.019896,78.9463,25.358015,155.18,42.44,4,0,336,21.053701,0.35,0.5370438,204.23,1.32,18.354813,453,83.091255,2,1063,6.3532567,194.05,43.4651,68,3216,0,48.7,62.33,36.13,20.86,0,15.197829,64.44495
0,29.495716,2378,67.4,40.653923,7.4778666,5,2275,4,177.4933,42.299454,29.149727,False,50.91,73.2,0.0,1797,201,36.97,0,0.8,174.19,55.94,1,68.2,0,27,301,72,157.17,0,62.913044,18.16,89.26,63.2448,38.36,31.39,27.803167,31.941708,0,2.0,4.986617,35,54.07,6,36.7552,67.52,72,102.72,322332,64.71896,229,71.7274,15.453919,84.20359,23.285978,153.59,15.09,4,0,383,15.79641,0.2,4.1261735,130.1,10.02,6.526252,684,53.57437,5,1447,15.989101,204.48,31.65816,14,2834,0,94.0,56.55,64.88,12.11,0,25.064003,27.54037
1,38.479023,2272,114.2,43.850174,4.9320183,7,2297,60,225.75877,24.678751,32.454247,True,84.51,180.9,60.0,2302,217,117.23,5,8.23,200.8,32.77,0,135.4,1,26,903,290,216.87,196,57.52174,18.5,49.61,86.7742,115.15,59.68,37.251404,52.09529,4,1.0,15.334987,41,64.46,10,13.225807,139.73,94,92.57,430003,57.816586,878,53.533817,16.15593,69.30152,31.131195,325.49,3.82,2,1,421,30.69848,0.14,9.141562,248.24,34.29,1.0855974,1324,66.17969,19,1323,33.315334,259.95,51.409573,691,3091,3,154.3,116.77,192.44,57.52,153,22.87764,8.871142
1,41.12197,2744,134.8,32.14164,1.2951694,7,2748,19,230.87416,25.79368,38.308514,False,46.43,128.7,100.0,2758,201,50.82,2,12.18,165.61,98.92,1,144.7,0,153,975,462,308.37,269,53.913044,4.81,93.94,74.704475,159.53,40.1,15.67128,43.5636,3,,23.407923,34,53.4,17,25.295528,58.2,193,95.79,396553,83.03355,434,44.59434,12.203286,57.041687,31.997738,277.43,36.14,2,2,379,42.958317,0.64,2.533861,266.17,9.41,10.270547,1354,71.672455,14,1240,14.442424,211.83,36.574966,356,3114,2,113.1,118.83,143.15,86.93,38,14.129641,30.103468
1,39.36001,2858,138.8,27.70831,0.5634566,7,2648,1,234.11389,28.214226,39.445267,False,86.11,85.0,100.0,2491,216,63.05,1,0.13,169.06,112.04,1,138.5,1,424,994,348,299.06,253,58.608696,2.08,118.65,67.85772,154.65,40.0,18.423405,31.019003,4,1.0,30.774231,30,50.54,9,32.142277,68.01,95,104.15,368056,81.01314,412,45.79834,11.5861435,58.105324,23.427425,250.49,33.32,2,2,379,41.89467,0.13,5.5317764,244.57,20.42,9.469137,1373,66.25399,14,1348,17.91804,214.49,24.155962,331,3068,1,97.5,86.48,107.09,113.6,146,24.94207,32.452785
1,27.964079,2266,132.0,44.560646,0.89368427,8,2117,53,172.89986,34.739254,37.512787,False,35.28,104.2,66.666664,1935,251,5.49,3,6.87,170.48,236.61,0,98.4,0,198,500,318,198.0,100,58.565216,3.28,135.5,63.081028,138.38,12.06,45.158302,6.4322667,1,2.0,23.9551,44,22.0,18,36.91897,165.74,218,127.5,449891,53.948017,4,46.449787,3.9740336,62.29633,29.595118,231.52,136.29,6,1,514,37.703667,0.13,7.2775326,212.81,26.71,38.731953,1014,57.98322,5,1347,1.5601909,228.64,29.612368,344,2471,2,156.8,108.62,19.52,87.92,0,11.625531,77.96817
1,43.08287,2736,130.4,27.594635,1.9133937,8,2651,0,137.77425,34.480972,37.058086,False,79.71,123.8,0.0,2556,179,19.72,3,0.0,180.28,182.91,1,151.6,1,363,427,124,272.07,27,59.565216,7.03,119.82,67.38882,132.86,6.51,24.035818,15.301337,2,3.0,20.778442,32,32.81,8,32.61118,88.31,97,126.69,450002,74.05079,172,49.069134,2.0487804,63.838764,30.152424,247.6,78.25,6,1,381,36.161236,0.0,5.138533,221.85,18.88,22.237694,808,60.38049,6,1370,5.6041827,234.55,35.18245,234,2586,0,97.1,110.78,48.62,76.34,172,25.08576,57.56412
0,33.78993,2424,89.8,28.87348,0.32749304,8,2330,10,163.52165,23.844221,25.520063,False,75.25,151.4,0.0,2234,151,44.39,1,4.83,181.2,150.96,2,118.9,0,294,479,156,275.21,0,56.52174,1.2,101.29,72.35761,120.03,33.8,24.564707,23.97146,0,1.0,17.220205,40,36.81,13,27.642385,90.01,156,87.37,426839,75.107796,220,49.4501,9.883329,67.2434,33.329697,265.14,56.33,6,0,480,32.7566,0.48,4.429343,262.82,16.23,16.008299,959,71.72643,7,1300,12.615096,246.4,43.026028,56,2371,0,101.6,122.13,81.98,63.1,0,22.003567,44.141644
0,44.494495,3397,96.1,28.756626,0.9665989,5,3099,19,275.86588,29.154291,26.394573,True,58.75,164.9,100.0,2605,280,112.69,4,8.21,197.87,123.06,3,162.0,0,547,1458,321,278.92,249,55.95652,3.71,121.57,68.326294,123.02,63.57,26.36392,29.411427,3,1.0,18.948988,19,47.89,6,31.6737,101.19,72,111.9,444335,72.66949,254,51.55281,18.28721,67.94852,29.498201,262.25,37.1,4,0,216,32.051483,0.43,7.0163097,244.99,26.93,10.189788,1674,63.8294,17,1287,30.95114,260.8,45.291,603,3169,4,104.7,113.22,102.24,72.73,50,16.900639,35.400726
0,31.036283,2707,125.6,35.650528,3.0137334,5,2644,0,116.015274,21.240559,34.496964,False,47.96,115.8,100.0,2469,140,19.53,1,0.0,187.79,291.98,0,113.0,1,57,287,338,293.03,187,52.173912,11.85,160.6,59.15668,150.08,1.36,22.461851,7.3309803,2,2.0,22.126146,35,20.54,13,40.843315,88.32,151,83.52,418747,74.524414,12,47.75941,0.3692642,61.832096,30.114447,232.61,158.51,4,0,417,38.167896,0.0,0.9053686,306.13,3.56,43.53594,704,77.85407,3,1200,5.3640585,243.13,31.805323,182,2763,1,129.8,118.41,27.0,87.0,12,13.021994,79.27777
0,28.591831,2576,145.0,36.309704,0.9937117,5,2517,13,100.19501,17.734589,39.825317,False,52.57,98.2,50.0,2288,110,0.0,2,6.77,167.14,225.8,1,104.1,0,102,159,143,301.88,0,49.47826,3.84,147.48,61.835262,160.53,32.6,20.88606,2.6606567,0,1.0,27.53927,40,21.53,12,38.164738,80.71,143,68.53,393495,78.12023,40,43.252335,10.2044,58.45927,29.208395,238.95,66.92,4,0,449,41.54073,0.52,2.507634,308.2,9.69,18.380072,608,79.75778,2,1138,0.0,225.91,26.971354,144,2788,1,132.2,112.87,8.5,106.42,0,16.45538,70.679565
2,42.187374,3768,138.1,33.89272,5.9179606,7,3237,52,431.5966,34.31753,37.930183,False,55.8,135.3,75.0,2846,423,99.26,4,9.84,171.16,128.58,0,153.6,0,86,2254,880,149.69,710,61.608696,23.17,168.01,57.08776,176.15,72.86,55.848995,22.664822,9,2.0,32.886368,33,49.52,15,42.91224,218.66,170,134.36,491018,38.23304,475,43.715683,21.904217,55.008686,23.397953,223.51,51.84,6,0,365,44.991318,0.19,11.636698,211.6,45.56,14.238238,2619,54.04577,29,1417,27.262491,215.37,37.16114,503,3744,3,123.4,91.61,75.39,128.76,189,16.775396,38.655563
1,22.686699,2378,88.6,35.183613,3.517652,7,2191,0,170.06784,25.816462,24.334642,False,75.55,111.0,100.0,2003,178,32.93,1,0.0,139.02,169.72,0,82.6,1,446,582,566,268.86,363,54.086956,13.83,156.47,60.201954,182.12,32.49,28.097977,10.960089,4,2.0,32.04975,38,31.78,17,39.798046,110.47,203,101.5,437027,68.38437,117,35.358753,10.415131,53.677895,32.591503,236.69,72.4,6,0,450,46.322113,0.0,4.367179,274.49,17.17,19.885193,1032,69.81636,7,1244,9.044467,211.04,30.486967,212,3181,1,128.1,128.14,34.19,126.01,36,24.218626,54.40615
1,38.58936,2918,129.7,28.976353,1.2515581,7,2890,0,120.95911,19.360994,35.623062,False,76.89,130.2,0.0,2887,157,19.5,0,0.0,128.54,204.04,0,140.5,0,386,169,242,297.5,75,54.086956,4.92,175.77,55.287327,201.2,23.06,23.069878,10.496409,1,2.0,33.76154,47,29.67,14,44.712677,90.69,167,76.11,433936,75.67856,31,32.698223,6.789542,48.817097,33.54023,217.34,126.96,6,0,565,51.182907,0.0,5.4335938,295.64,21.36,34.8705,734,75.20542,2,1244,5.3558187,191.9,35.760387,56,3386,0,105.5,131.85,35.65,132.72,25,22.638678,60.07538
0,41.059452,2117,214.8,64.57455,2.1655514,9,2294,23,162.99272,22.677696,60.782703,False,49.06,157.3,100.0,2242,196,29.33,2,8.59,163.1,209.26,0,145.1,0,204,362,203,276.24,0,52.304348,8.22,140.9,62.881004,146.12,20.82,25.059277,17.218267,0,4.0,21.586447,52,23.94,17,37.118996,95.12,203,86.08,414772,72.77518,37,42.96741,6.174377,61.504818,35.446136,238.69,99.59,6,0,598,38.49518,0.37,2.6502976,283.44,10.06,28.181328,960,74.672005,4,1203,8.299612,233.46,44.511726,350,2677,2,228.2,134.55,58.06,81.94,0,14.549229,62.058125
0,48.268585,2564,83.5,34.042053,0.8992939,9,2673,5,184.78856,28.613897,32.635036,False,36.86,130.8,0.0,2824,180,20.47,0,3.61,132.22,105.97,0,123.5,0,261,450,161,180.93,76,55.695652,2.42,82.58,69.311386,104.83,30.55,31.865477,30.634125,1,2.0,25.199747,30,41.18,9,30.688618,85.75,85,77.0,318485,67.23523,151,49.13598,12.222444,61.042774,25.664276,186.51,39.38,6,1,338,38.957226,0.72,6.105537,175.67,16.43,15.39123,788,65.28056,6,1281,8.000468,164.26,51.121708,128,3245,0,87.1,69.06,76.57,67.81,26,14.746948,42.396477
0,47.232716,3340,54.0,26.561457,1.3548975,9,3319,5,148.0329,16.954054,30.006666,False,67.85,75.3,0.0,3311,158,18.68,0,1.77,91.87,16.54,0,85.0,0,201,230,60,147.62,0,51.913044,2.53,72.76,61.036736,60.01,45.18,19.589785,22.658628,0,,17.098639,18,48.21,5,38.963264,36.58,60,31.66,193432,79.05532,69,49.196743,26.968304,67.86269,33.704617,113.98,25.44,6,0,214,32.13731,0.35,3.1541178,149.19,5.89,14.136475,444,79.89182,3,1194,10.380084,126.72,41.842632,18,3261,0,47.8,62.94,37.96,31.93,0,40.50021,9.872859
0,31.325163,2566,154.0,53.142418,3.3618758,2,2475,24,318.51495,34.756035,43.577915,True,75.54,125.5,57.142857,2185,270,88.63,7,3.96,196.87,51.1,0,110.7,1,86,1568,321,242.11,160,61.391304,12.76,91.84,75.802925,133.67,57.21,32.849426,48.81254,4,,23.345453,28,61.39,15,24.197077,124.68,161,131.92,486852,63.788692,761,51.867954,15.92839,64.78198,24.786594,287.71,23.89,2,0,308,35.21802,0.17,6.879018,221.53,26.11,6.7602363,1876,58.36495,25,1412,25.079939,245.88,35.513172,795,3093,4,187.8,94.08,175.32,88.61,204,21.031822,14.227245
0,23.232122,2318,139.7,33.305977,0.75427985,2,2234,0,145.84453,23.12147,39.531395,False,56.94,55.6,100.0,2306,191,26.03,2,0.0,176.2,205.26,0,82.1,0,434,467,295,267.25,163,56.130436,2.67,116.05,67.21659,134.93,14.97,23.747103,8.97537,2,,26.819208,33,30.97,11,32.783413,84.06,132,81.85,349971,75.49861,132,49.77401,4.9162564,61.883106,23.40678,237.94,69.17,2,0,392,38.116894,0.0,4.200565,257.28,14.87,19.573275,859,72.67796,6,1291,7.3657994,219.06,15.733325,296,2836,2,117.7,82.86,27.33,94.94,36,18.699509,67.408875
0,57.72659,3249,76.5,18.195196,1.8718426,2,3356,5,104.92657,17.65269,21.64747,False,70.26,216.8,0.0,3582,128,3.51,0,3.94,230.7,109.7,0,204.0,0,211,131,169,240.44,0,45.173912,7.04,64.6,82.82326,109.15,35.77,34.198353,18.441647,0,2.0,19.476719,42,29.48,14,17.17674,128.62,169,66.39,314244,63.929806,76,61.341694,13.523118,70.97847,19.181578,311.49,44.76,2,0,487,29.021536,0.79,3.1561596,297.83,11.87,12.665893,618,79.191154,2,1039,0.9932369,266.95,61.348648,34,3313,0,64.3,72.14,48.78,73.25,0,26.562323,41.47291
0,54.970455,2895,54.1,37.674458,1.5896933,7,3002,2,128.9494,24.197681,46.32246,False,49.16,63.5,0.0,3555,222,0.23,0,0.5,80.95,33.94,0,64.2,0,50,100,100,99.6,100,50.304348,2.11,47.58,64.15279,26.86,10.07,23.370754,8.8623705,1,3.0,9.514842,13,36.15,0,35.847206,31.02,0,32.12,120140,75.03956,0,60.98388,9.850338,79.76496,29.501284,85.15,25.24,6,0,151,20.235048,0.25,2.583999,97.19,3.43,21.611439,251,73.21833,1,1157,0.19693467,105.88,54.371094,22,2792,0,44.0,39.16,9.06,12.63,0,48.087646,33.199646
1,28.701796,3215,29.4,43.273476,0.0,7,3363,1,296.7324,38.030785,43.273476,False,16.74,11.1,0.0,3883,289,3.49,0,0.43,50.1,6.57,0,19.5,0,12,300,24,55.37,0,60.95652,0.0,35.22,53.26433,11.49,0.0,26.526009,44.93267,0,,5.4405518,3,28.8,2,46.73567,19.99,24,28.66,89400,73.47399,0,66.48089,0.0,84.7552,28.078556,40.14,20.78,6,0,36,15.244792,0.43,3.237792,44.26,2.44,30.58581,336,58.731422,3,1402,5.136885,63.88,16.337944,16,2921,0,29.4,21.16,19.02,4.1,0,39.54642,15.520906
1,34.593727,2784,32.7,41.733707,0.6271839,7,3122,3,173.16974,23.821898,32.88415,False,26.44,43.4,0.0,4391,153,20.98,0,2.17,80.13,27.44,0,34.4,0,109,203,0,80.46,0,55.52174,0.7,41.02,63.250317,10.87,4.14,27.282501,30.96966,0,3.0,1.9084314,7,40.49,0,36.749687,30.45,0,26.59,112525,72.09032,196,71.79464,4.925639,90.2616,26.296928,70.6,8.24,6,0,84,9.738398,0.72,5.303709,79.11,5.92,8.286404,287,70.8744,4,1277,21.098148,100.75,43.64441,4,2754,0,41.5,29.35,26.03,2.13,0,31.457464,32.647232
0,36.218853,2672,42.8,46.40808,3.687036,0,2799,11,433.08502,37.257225,36.646973,True,25.78,49.4,100.0,2979,362,18.15,4,0.8,65.13,21.45,2,42.3,1,78,647,206,79.87,117,63.913044,4.67,9.67,92.36539,41.51,22.95,33.25438,36.06632,2,,19.666826,18,55.01,8,7.6346126,42.12,89,47.19,152854,63.058582,194,51.421127,20.90735,67.22464,28.91205,116.99,3.57,0,0,196,32.775368,0.07,9.876836,66.96,12.51,3.0567684,843,52.86594,9,1470,15.540714,85.14,42.29814,613,3614,4,54.2,36.62,39.59,24.91,20,23.485468,19.540857
0,29.711447,2491,17.9,21.14907,1.814666,0,3276,19,163.8839,21.872675,15.326654,False,32.95,41.8,50.0,3577,155,0.0,2,5.2,68.88,54.31,0,34.7,1,3,0,89,106.43,0,50.782608,2.44,22.5,83.2664,45.14,23.4,19.031681,2.295603,0,,14.910388,28,37.45,8,16.733603,25.59,89,29.41,128919,79.15365,0,51.223316,20.660427,66.431175,33.86629,111.96,16.13,0,0,319,33.568825,0.27,1.911349,102.48,2.57,13.811112,319,76.21597,0,1168,0.0,89.33,35.790733,174,3013,1,24.7,45.54,2.6,20.05,0,29.092354,47.951614
0,42.04127,3034,49.1,26.543367,0.0,0,3614,0,300.53943,39.351818,42.04127,False,35.14,35.1,100.0,3905,170,21.25,1,0.0,67.97,9.34,0,49.1,0,76,513,23,78.62,0,62.434784,0.0,28.8,78.59213,43.54,9.87,41.563843,41.160553,0,,17.750689,6,50.36,2,21.407866,55.92,23,52.94,161990,58.436153,186,50.524048,10.685288,67.635475,31.725266,105.73,9.3,0,0,72,32.36453,0.0,5.9391956,73.6,7.99,7.9630103,585,54.70899,7,1436,18.195051,90.99,30.05394,114,3482,1,31.0,42.68,38.02,23.88,0,38.042656,10.111508
0,15.232757,1987,33.7,46.063858,0.0,1,1901,0,157.93323,28.358719,41.067513,False,26.3,23.6,0.0,1768,189,18.43,1,0.0,36.26,34.91,0,12.5,0,118,122,45,70.52,22,58.260868,0.0,37.26,57.64465,31.92,0.89,19.845419,20.659258,1,,21.027508,9,41.3,2,42.355347,17.46,23,24.95,106790,80.15458,80,41.213913,1.1370896,63.719025,37.758583,50.71,14.42,1,0,94,36.28097,0.0,3.4439647,60.0,3.03,17.572508,216,68.19732,2,1340,22.459177,56.06,28.759445,44,2818,0,37.8,33.22,16.17,18.5,77,33.601635,44.60202
0,21.93517,2130,22.5,35.58372,0.0,1,1987,0,182.0619,20.475487,27.418962,False,27.66,25.4,0.0,1921,167,13.39,0,0.0,44.77,31.84,0,18.0,0,108,150,27,54.38,0,53.652172,0.0,28.05,68.09236,34.7,0.0,38.14128,23.106745,0,1.0,25.537481,9,39.68,3,31.90763,33.53,27,18.0,98143,61.858715,58,50.927082,0.0,60.52781,23.535433,59.86,13.71,1,0,99,39.472187,0.0,4.868616,65.63,4.28,16.707289,249,74.6559,2,1234,16.31733,53.21,30.952963,40,2826,0,29.2,20.69,17.88,22.45,9,35.74567,41.147583
1,65.439926,2705,24.6,17.18255,1.0006824,1,3730,1,353.15625,36.297474,29.978065,False,4.76,35.4,0.0,4976,308,30.91,0,0.33,42.89,36.82,0,53.7,0,225,412,48,67.36,36,59.347828,0.88,32.63,62.895153,25.84,7.42,22.40164,34.43062,1,,13.350011,6,41.22,1,37.104843,19.7,12,31.92,103982,76.59769,87,48.77189,9.929079,70.616325,37.8781,55.31,16.82,1,0,71,29.38367,0.33,5.6060944,51.09,4.93,20.497198,483,58.096428,5,1365,37.66756,62.1,43.13917,2,3245,0,14.1,33.31,25.73,11.74,63,6.369598,49.27071
0,31.684135,2869,37.4,48.5011,3.225427,1,2425,0,227.39459,31.748089,45.576412,True,4.65,31.9,100.0,1940,245,15.17,1,0.0,41.87,37.47,1,26.0,0,23,219,131,55.26,119,59.826088,2.74,21.62,74.54973,36.77,1.39,31.724545,40.200657,2,,32.28161,8,42.2,1,25.450264,26.95,12,26.97,105919,65.05003,84,49.293617,1.9103903,56.715717,18.42477,63.33,4.39,0,0,92,43.284286,0.0,6.5567985,52.41,5.57,5.3497443,311,61.695118,3,1376,18.486473,48.18,38.873997,180,4105,1,39.8,15.65,29.25,27.42,80,6.390874,51.498074
0,41.189373,2830,41.0,43.38289,0.57994086,1,2750,0,150.6215,17.7942,49.963444,False,35.94,30.3,0.0,2675,135,17.23,0,0.0,21.17,44.09,0,33.8,0,96,63,134,62.47,63,52.173912,0.51,31.34,64.36206,48.22,4.05,28.382988,4.378483,1,,33.124855,12,23.77,6,35.637936,24.96,71,15.65,95956,71.03707,36,24.07323,4.605937,45.16716,42.80191,56.6,9.93,0,0,143,54.83284,0.0,2.6947126,69.93,2.37,12.100903,206,79.511086,1,1200,20.996832,39.72,36.924202,4,5158,0,35.6,37.64,3.85,29.13,36,40.87342,50.14216
0,62.515236,6679,2.3,6.214965,17.005398,1,6656,0,8.774068,8.683918,2.8028274,False,15.78,48.6,0.0,6640,37,0.0,0,0.0,61.82,35.53,0,51.3,0,0,0,0,42.09,0,46.391304,10.71,7.01,88.871254,0.0,0.0,16.163862,0.0,0,,0.0,1,31.37,0,11.128751,10.18,0,5.47,38152,66.83074,0,98.14256,0.0,100.0,1.8574376,55.98,0.0,0,0,12,0.0,0.0,0.0,57.52,0.0,0.0,12,91.31608,0,1067,0.0,62.99,59.22496,0,5909,0,5.1,1.17,0.0,0.0,0,30.75424,69.245766
1,38.672253,2897,95.3,35.01011,0.83818525,2,2834,11,163.30238,24.431131,27.920197,True,105.4,157.9,50.0,2819,168,26.53,6,5.35,154.37,104.49,2,132.0,1,244,459,437,261.15,163,57.04348,2.98,93.56,73.685104,150.79,29.74,25.708097,24.972603,2,,28.343603,40,43.62,23,26.314901,91.4,274,86.86,398521,73.45372,148,43.419685,9.3115,57.587265,28.23672,261.98,29.38,1,0,470,42.412735,0.49,5.155683,250.34,18.33,8.607506,929,70.413185,6,1312,7.772537,204.74,46.260216,509,3150,3,119.5,100.39,79.76,100.77,36,33.000404,32.71549
1,39.463276,3329,107.3,38.467175,2.567788,2,2731,2,256.99472,33.566433,31.435856,False,56.57,150.0,50.0,2310,251,45.24,4,1.17,149.58,89.42,0,134.7,0,121,1083,515,240.13,389,55.652172,9.29,77.99,78.4433,167.37,77.45,31.059454,34.03401,5,1.0,32.163193,33,53.38,11,21.556705,112.37,126,121.44,419122,66.37276,519,41.34557,22.865494,53.73708,26.491238,283.8,23.3,1,1,379,46.262924,0.59,3.4799192,227.76,12.59,6.8262386,1462,62.953644,16,1280,13.254036,194.41,43.945744,348,3177,2,131.3,95.84,115.28,116.36,112,16.70111,26.399387
0,25.898691,2498,137.4,31.640936,1.7354479,2,2392,8,128.67314,30.40217,40.2543,False,58.86,66.0,0.0,2320,172,8.23,1,3.45,94.92,226.13,0,88.4,2,208,191,205,275.95,0,54.826088,6.27,118.39,67.231316,214.93,13.37,21.885466,3.0196652,0,,41.55941,45,22.23,17,32.768692,79.07,205,109.84,419224,76.37909,8,26.272526,4.3458476,40.510395,32.168068,242.9,111.85,1,0,541,59.48961,0.43,3.883307,237.42,14.03,32.768875,732,65.71452,2,1261,2.4111562,146.36,19.336126,158,2802,0,108.0,116.22,9.29,150.15,0,19.132132,73.50236
1,44.15082,2810,154.7,25.664314,0.6138564,11,2586,0,173.14622,25.415735,45.32271,False,77.08,89.2,0.0,2276,133,19.21,0,0.0,175.26,95.78,1,150.7,1,264,486,222,226.27,96,56.0,2.2,172.07,51.988056,123.18,41.49,36.25101,31.45187,3,1.0,20.694756,42,42.36,11,48.01194,129.92,126,91.09,427589,63.135128,413,48.90067,13.268308,65.630585,30.404577,186.32,49.44,5,1,499,34.36942,0.0,3.6662943,254.17,13.14,14.484517,985,70.91796,9,1288,5.6279845,235.22,26.133068,162,2595,0,87.6,108.97,98.35,74.17,203,24.649822,30.629995
1,31.758123,2070,104.6,40.810947,3.8490252,11,2035,6,109.512794,24.558977,30.644833,False,89.26,148.0,0.0,1999,65,111.37,0,1.05,215.45,3.54,0,108.4,0,38,360,167,222.18,140,54.652172,13.92,149.78,58.58541,92.07,23.54,34.715885,56.899937,4,2.0,15.069402,24,73.9,4,41.41459,125.55,27,88.82,403181,61.43509,752,59.572525,8.720779,74.54239,25.35807,211.88,0.0,5,0,263,25.457611,0.18,1.8746889,266.06,6.78,0.0,623,73.56633,11,1257,32.62825,269.59,43.3598,134,2557,1,139.3,91.71,153.59,54.5,273,33.067833,1.3114512
0,31.81672,2728,79.7,33.017902,4.295231,11,2411,0,108.63388,23.262815,23.349836,False,114.17,133.4,0.0,2023,147,24.26,2,0.0,211.54,127.81,1,108.6,0,185,258,160,232.15,100,51.304348,15.41,136.22,62.031384,90.51,24.64,30.997576,12.809444,1,2.0,13.905846,30,34.1,5,37.968613,111.21,60,83.46,382964,64.7072,41,58.96257,8.057818,74.77213,27.13159,222.55,24.76,5,1,360,25.227861,0.0,2.2800124,267.13,8.18,7.2539773,618,74.45718,3,1180,7.1074915,268.26,39.082413,126,2554,0,112.7,97.34,39.17,49.89,0,37.336082,41.79666
1,36.113544,2959,80.8,44.61388,3.900285,0,2466,30,406.16147,35.654495,41.625885,True,45.42,68.7,100.0,2272,282,39.33,3,4.13,72.62,42.83,1,70.1,1,20,1032,633,141.44,477,61.130436,8.48,36.59,83.17082,120.25,53.18,31.045902,30.78015,7,,41.35314,25,49.13,14,16.829178,67.5,156,77.52,259075,65.05381,193,33.400795,26.0278,44.692303,25.246067,180.83,4.63,0,0,282,55.3077,0.14,6.149389,126.53,13.37,2.3852456,1314,58.19612,13,1406,20.26171,97.17,35.3923,565,3114,3,86.6,54.89,62.89,89.91,148,22.229836,20.962217
1,45.69574,2863,38.2,27.819277,2.503969,0,3134,28,380.815,40.53343,19.679564,False,48.21,97.7,150.0,3258,297,29.23,2,2.79,83.79,61.6,0,88.7,2,198,978,334,163.96,234,68.0,5.52,31.78,85.58469,109.13,17.3,23.120888,37.83744,3,,27.705708,26,53.54,11,14.415314,50.97,100,89.36,263333,74.37514,342,38.006897,8.4604845,50.49671,34.2874,188.68,6.29,0,0,254,49.50329,0.1,6.5680847,116.62,14.48,3.2404306,1232,52.898483,13,1564,15.058472,111.32,50.332287,493,3161,3,54.0,75.59,77.37,61.08,74,23.576878,30.125195
0,23.3888,2220,72.4,31.219412,1.9064698,0,2441,13,140.951,21.467672,37.29844,False,75.84,47.7,66.666664,2532,175,3.56,3,3.74,61.46,83.49,0,45.4,1,58,84,239,151.34,0,52.782608,4.04,42.81,79.79803,129.92,14.62,26.67642,3.6181297,0,,46.019535,31,26.68,20,20.201973,56.53,239,45.49,220212,71.417114,15,29.002878,8.100621,38.68806,24.977585,169.1,14.31,0,0,372,61.311943,0.29,2.713544,160.66,5.75,7.3721085,456,75.81878,1,1214,1.8340117,81.98,24.573696,286,2782,2,60.6,52.93,6.53,97.52,0,42.02128,46.25998
1,30.704239,2816,41.0,46.98367,1.2073492,8,2558,4,118.38648,12.717729,21.122044,False,84.28,120.2,0.0,2039,108,0.0,0,0.66,168.45,33.52,1,59.6,0,102,241,23,136.7,0,46.826088,2.53,70.36,66.42489,28.83,0.84,33.557625,9.227238,0,4.0,4.858029,12,33.89,2,33.57511,70.32,23,26.65,163221,65.23503,58,80.38654,0.6426932,86.24261,14.755428,139.2,3.95,8,1,142,13.757397,0.16,2.075877,178.55,4.35,2.0349286,383,85.20639,3,1077,0.0,180.73,61.923653,104,2971,0,91.2,30.92,12.06,10.18,0,64.48355,25.646519
0,39.77126,3001,73.5,23.3888,2.3097641,8,2921,3,106.640564,24.133837,37.865128,False,44.7,69.5,0.0,2729,186,0.0,0,0.53,149.25,104.92,0,77.2,0,117,81,24,175.25,0,53.47826,5.06,109.71,49.920116,36.07,5.03,17.692974,1.2199795,0,1.0,4.391491,22,20.12,2,50.07988,38.76,24,52.87,200434,79.99726,18,68.13202,3.212826,83.53494,27.47649,109.36,13.98,8,0,264,16.465055,0.18,3.1268544,159.35,6.85,7.2021017,345,72.73931,1,1230,0.0,183.0,35.80444,8,2723,0,45.4,60.19,1.91,9.62,0,28.551355,67.01584
0,51.259594,3343,90.0,37.50451,1.1929153,8,3206,0,151.15141,37.77717,46.365463,False,25.01,68.0,0.0,2966,266,3.88,0,0.0,136.58,129.49,1,99.5,0,72,200,60,169.49,0,59.47826,2.62,112.97,48.56349,52.66,0.97,21.636389,5.160739,0,3.0,12.548376,24,15.45,5,51.436504,47.52,60,82.97,249119,77.17069,0,62.1864,0.59171593,76.02331,25.265219,106.66,93.31,8,0,289,23.976688,0.0,4.2617126,127.3,9.36,48.070683,489,57.961117,2,1368,1.9988666,166.97,35.03168,4,3038,0,72.8,55.49,8.46,27.56,0,15.256511,78.991035
1,29.674429,2466,157.7,55.05313,5.3505635,1,2030,70,412.2202,32.905228,44.56817,True,77.63,123.2,62.5,1806,401,90.0,8,10.69,138.16,91.71,0,105.0,1,131,1937,893,244.42,705,61.086956,20.33,100.16,73.63933,193.51,94.63,30.321613,28.676033,8,2.0,39.361004,45,53.21,18,26.36067,115.21,188,125.03,467135,64.32783,481,36.360764,25.568766,49.072296,24.278233,279.8,20.4,2,0,494,50.927704,0.15,8.805959,221.48,33.46,5.765318,2431,58.28881,24,1405,25.435225,186.46,34.817997,887,2881,5,194.8,92.25,106.13,149.56,103,20.97541,24.779789
2,39.45286,2496,108.8,30.52227,0.66287625,1,2571,2,155.83315,23.392618,30.748362,False,102.81,146.2,50.0,2610,183,22.51,2,2.03,143.07,122.09,0,139.6,1,343,331,423,292.28,167,53.130436,2.46,84.92,77.116684,178.54,21.92,20.578806,16.628948,2,,31.996765,50,31.4,22,22.883322,76.37,256,86.81,402044,78.75832,68,38.55295,7.404155,51.88898,29.450283,286.18,57.42,2,0,588,48.111023,1.01,4.039343,269.3,14.99,16.227674,919,72.56804,4,1222,6.3616323,192.56,41.31811,202,2651,1,108.0,109.29,49.23,118.74,32,34.727245,41.23966
0,47.083427,2814,129.4,22.63735,2.4169903,1,2612,30,160.41148,35.343525,36.570198,False,33.8,123.2,0.0,2573,215,7.99,0,1.28,135.8,281.14,0,166.6,0,409,400,368,216.99,100,59.739132,9.15,114.03,69.87875,200.64,2.52,40.26468,6.552455,1,,38.956097,48,16.0,23,30.121244,152.43,268,133.8,435460,57.318333,0,35.870884,0.7417874,47.000553,25.173014,264.54,215.4,2,0,546,52.999443,0.04,7.9694633,214.6,30.17,60.874973,946,56.687,4,1374,2.2580829,177.93,34.817997,50,2777,0,80.1,95.3,22.26,147.48,0,9.94937,82.75639
0,26.961338,2371,132.7,48.863895,0.23848009,10,2180,9,212.29935,18.58339,37.502827,False,57.07,114.5,0.0,1752,211,46.73,0,1.08,236.21,196.52,0,95.4,0,293,874,259,290.27,187,50.304348,0.9,147.04,61.03765,94.07,30.51,22.846394,13.652665,2,2.0,14.415178,32,34.78,6,38.96234,86.22,72,70.13,392965,76.91512,125,62.592083,9.272992,75.07287,22.992739,230.35,70.65,6,2,378,24.92713,0.12,4.6478353,289.71,17.54,19.966652,1252,76.768776,10,1157,13.206534,283.31,32.35926,301,2573,1,172.9,86.77,44.92,54.4,12,17.34545,59.72889
0,42.363777,2772,108.4,27.074385,3.1575108,10,2832,0,56.127064,10.097865,30.635315,False,100.59,159.2,100.0,3004,118,0.0,1,0.0,237.0,199.1,3,149.9,0,0,0,48,296.42,0,42.47826,11.26,88.56,75.166145,53.47,4.96,13.720871,0.0,0,1.0,4.273576,29,19.11,4,24.833853,48.93,48,36.01,277130,83.12162,0,66.45915,1.6280979,85.00603,29.267265,268.05,88.76,6,0,331,14.99397,0.0,0.54120743,318.67,1.93,25.084784,331,89.36093,0,977,0.0,303.14,44.99209,130,2672,1,95.8,104.37,0.0,15.24,0,33.01822,65.35368
0,42.30726,2783,120.8,29.024418,1.2926248,10,2782,19,237.565,27.311657,34.139725,False,69.67,137.6,0.0,2767,266,40.93,0,2.91,254.74,130.1,0,149.7,1,449,1045,183,265.73,87,54.826088,4.89,130.73,65.44277,77.74,45.79,28.46418,27.200499,1,3.0,11.228887,30,42.51,8,34.55723,107.68,96,103.32,429267,70.243195,257,67.33631,13.575049,79.45017,21.434801,247.57,71.92,6,0,356,20.54983,0.15,5.9820247,252.35,22.63,20.325571,1401,66.706314,13,1261,11.567375,300.56,38.887634,86,2654,0,102.7,81.09,91.75,42.48,12,20.65459,38.569866
1,39.38419,2448,132.1,53.719006,12.0168,8,2344,41,355.22565,38.31916,48.30689,False,52.7,123.7,0.0,2232,330,40.65,3,3.89,172.83,88.46,0,107.7,0,32,1358,155,126.98,100,60.304348,35.19,112.3,61.6501,83.1,39.91,44.621635,33.483948,1,4.0,16.429327,23,48.51,5,38.349895,130.67,55,112.21,364289,43.361565,550,59.020588,14.660936,71.621765,24.55008,180.53,36.21,6,2,261,28.37824,0.09,6.7786765,160.77,19.85,13.2414255,1619,54.902157,19,1387,14.865064,209.73,45.235138,314,3408,0,146.9,71.89,91.15,48.11,4,19.359343,32.495777
0,51.890587,2817,119.9,40.95663,0.16361034,8,2864,18,177.06429,18.610043,43.845535,False,76.86,131.9,0.0,3054,156,13.4,0,5.32,198.45,106.61,0,141.9,0,0,315,184,234.75,100,46.95652,0.48,102.94,64.9124,63.88,51.45,19.82071,10.53734,1,2.0,10.348353,42,36.83,7,35.0876,58.15,84,54.6,283797,80.01568,84,67.64265,19.593283,78.22619,22.008999,190.44,19.22,6,0,492,21.773808,0.3,1.8269199,233.43,5.36,7.02845,807,79.56304,4,1080,4.9001684,229.5,48.23374,12,3233,0,112.0,64.57,27.67,30.36,0,29.269964,40.599415
0,58.43368,3251,62.7,16.708672,0.0,8,3154,0,53.766453,37.229366,58.527023,False,6.49,18.3,0.0,3097,117,0.0,0,0.0,45.13,63.23,0,62.6,0,0,0,36,72.58,0,51.695652,0.0,70.77,38.954544,51.93,0.0,37.387856,0.0,0,,6.34058,8,17.52,3,61.04546,43.34,36,43.16,80456,62.61215,0,38.932022,0.0,55.205727,54.727398,45.16,17.38,6,0,96,44.794273,0.0,0.0,72.77,0.0,16.22328,96,62.770638,0,1189,0.0,64.0,17.082048,0,3285,0,17.9,63.44,0.0,7.35,0,9.308663,90.69134
0,31.741388,2607,109.3,48.672573,9.084779,3,2232,42,383.9684,36.832394,39.969284,True,72.54,104.0,83.333336,1940,385,21.86,6,5.51,106.54,73.11,0,86.8,0,118,1288,468,155.33,277,62.739132,25.6,51.89,81.58492,138.02,43.22,35.79261,26.222654,3,,32.53247,40,49.68,16,18.415075,100.86,191,103.79,356425,55.12261,200,37.80964,16.882812,51.020264,29.657888,229.89,31.54,0,1,462,48.979736,0.13,8.406969,154.31,23.69,11.53368,1750,54.760635,15,1443,7.993857,143.77,38.03116,812,3026,5,133.1,83.57,67.13,91.67,22,28.335938,28.558594
0,52.000294,3664,70.4,22.745558,0.0,3,3255,0,132.74336,30.346462,25.744167,False,51.08,126.0,50.0,2946,101,80.38,2,0.0,125.81,77.15,1,142.2,1,81,397,154,193.27,54,55.95652,0.0,64.64,77.78236,133.87,78.61,33.568214,19.848097,1,,33.223343,18,41.7,9,22.21764,97.66,100,88.29,337792,66.431786,103,43.24259,30.461908,53.985497,23.534061,226.3,35.37,0,0,208,46.014507,0.0,2.7428336,194.67,7.98,12.934251,605,66.910706,5,1287,29.393694,157.06,46.07621,212,2995,1,62.2,68.47,51.22,96.66,46,19.793846,29.896149
0,31.083158,2483,101.2,31.375706,1.0071597,3,2488,7,82.93718,25.374262,37.00724,False,47.64,84.2,0.0,2452,53,15.02,0,2.43,104.36,32.79,0,85.0,0,0,118,126,233.01,30,54.173912,2.94,81.95,71.92628,145.91,12.75,19.170292,38.69737,1,,34.503784,24,51.37,8,28.07372,55.96,96,74.07,306641,79.82255,92,35.750744,8.388158,50.015415,29.74547,209.96,19.71,0,0,260,49.984585,0.35,0.53098565,216.29,1.55,7.2076354,378,74.094765,2,1246,5.4925766,146.0,30.79061,42,2768,0,85.8,86.83,58.82,100.72,69,31.342106,21.572369
1,20.660534,2293,129.1,48.68044,1.415232,5,2123,0,180.06334,23.481863,38.938324,False,30.11,94.7,0.0,1875,221,72.48,0,0.0,156.78,177.6,0,68.5,0,481,617,372,246.59,200,53.47826,4.85,140.13,59.11001,138.33,19.57,26.629704,24.184402,3,1.0,27.864023,32,27.59,15,40.889988,91.26,172,80.47,397020,71.95506,191,45.74847,6.5281205,59.635246,26.387512,202.57,97.06,3,1,378,40.36475,0.0,6.314745,240.58,21.64,29.27462,995,70.20339,8,1230,21.860958,204.37,28.562813,242,2945,1,161.4,90.43,72.5,95.49,108,10.044032,59.243446
0,42.768814,3159,102.3,27.265873,1.4562687,5,3210,1,299.68332,33.520184,30.855076,False,47.35,147.7,0.0,3277,315,83.95,0,0.59,184.93,167.62,0,141.8,0,952,1245,208,248.22,100,58.826088,5.04,124.15,64.12783,109.93,25.57,26.822504,27.272179,1,,18.11142,35,36.74,9,35.872173,92.83,108,116.01,438595,71.72123,166,53.435623,7.7311487,68.23659,28.45296,221.94,85.36,3,0,411,31.763414,0.59,9.8500395,195.99,34.09,25.74574,1656,56.62978,14,1353,25.320465,236.16,44.548336,84,3208,0,90.4,98.47,90.2,62.68,0,14.316381,50.680294
0,39.873325,3056,114.2,28.894587,0.800393,5,2885,0,194.17886,18.550621,34.44428,False,63.04,100.9,0.0,2674,188,82.52,0,0.0,151.94,84.69,0,132.2,0,323,743,275,263.29,170,56.260868,2.77,149.97,56.664837,123.17,26.39,23.12182,48.945904,2,2.0,23.694628,31,54.78,9,43.335163,80.02,105,64.2,422050,76.07779,289,43.90441,7.737869,64.40996,32.40096,196.1,23.87,3,0,330,35.590034,0.0,4.712783,265.57,16.31,7.1995177,1073,76.73659,10,1294,24.889158,222.91,30.432817,38,2980,0,95.8,112.13,166.93,82.0,31,18.484095,24.832136
0,18.519077,1773,130.6,50.36948,4.0234537,0,1958,30,410.25488,36.370995,39.390743,True,56.23,89.8,60.0,2118,386,55.1,5,4.89,139.66,86.16,0,61.4,0,345,1818,654,168.14,458,60.47826,13.93,96.5,72.12674,164.63,62.18,47.412056,39.798714,6,1.0,34.735138,44,58.07,20,27.873255,164.15,196,125.92,453254,48.5645,432,40.33851,18.298462,52.447933,24.926346,249.71,30.31,1,0,449,47.55206,0.16,10.2856655,184.68,35.61,9.14191,2267,53.343353,24,1391,16.618912,181.58,27.084906,521,3164,3,167.0,86.3,135.24,120.26,81,16.547483,25.355347
0,48.529633,3284,92.0,30.764591,1.1950203,0,3076,6,175.1772,23.242704,27.748455,False,36.98,167.2,0.0,2961,215,116.93,0,2.81,184.55,58.23,1,160.9,0,509,812,205,237.71,145,51.652172,4.07,81.35,76.11428,119.1,93.77,29.009336,26.592604,2,,21.803982,15,49.66,6,23.885723,98.8,60,79.16,357619,69.79564,300,54.186977,36.424023,65.03024,24.009043,259.23,15.55,1,0,156,34.969757,0.47,6.712079,238.56,22.86,4.690092,968,70.04521,11,1188,35.267685,221.48,50.429802,68,3525,0,102.0,81.77,68.46,74.26,66,14.364512,22.618862
0,44.548336,3013,114.6,19.665209,0.59824324,0,3108,0,161.24266,20.67587,34.564922,False,107.66,119.6,0.0,3267,161,20.67,0,0.0,156.21,158.53,0,147.7,0,405,398,602,264.67,398,49.869564,2.05,109.34,68.09175,145.38,25.25,22.16418,7.491112,5,,30.043482,41,27.47,17,31.90825,75.95,204,70.85,348574,77.23759,101,45.586132,8.014855,57.573105,24.370384,233.33,40.39,1,0,493,42.426895,0.0,2.5126214,263.21,8.61,12.182175,891,76.811516,5,1147,6.234354,197.28,36.07299,16,3411,0,65.2,83.51,23.6,102.95,101,34.17344,50.32059
0,21.908737,2575,136.8,55.793865,13.177167,2,1717,40,420.61322,33.170586,39.383907,True,110.49,98.4,40.0,1573,423,41.16,10,5.09,152.37,52.82,1,76.1,1,68,2003,1127,160.37,916,65.95652,48.04,105.9,70.95129,175.86,49.45,42.834023,39.04424,12,,35.615536,38,53.6,18,29.048716,156.16,211,120.93,465757,43.988808,582,41.79559,14.167432,51.76235,22.588875,258.66,20.66,1,0,432,48.237648,0.13,14.842142,189.53,54.11,5.947891,2435,51.98727,28,1517,11.849719,188.71,28.328775,905,2949,4,193.8,82.35,136.28,129.84,140,31.6554,15.132937
0,45.66,2038,120.4,21.189003,2.2658036,2,2891,2,192.9466,28.971275,34.662445,False,63.02,122.9,100.0,3325,214,21.0,1,1.26,152.52,223.08,0,158.6,0,373,696,316,247.32,100,55.826088,8.33,106.9,70.922646,179.0,20.99,30.461866,11.560061,1,,35.92645,35,26.66,18,29.07736,111.99,216,106.51,425309,67.27233,103,41.486237,6.044985,51.31106,22.587313,260.74,86.54,1,0,421,48.688934,0.63,5.551626,240.72,20.41,24.91435,1117,65.4771,8,1284,6.045775,188.64,35.38218,130,2964,1,73.6,83.04,40.14,132.08,0,18.149355,64.245605
0,42.061325,2029,105.1,24.816467,0.6556208,2,2679,11,174.29106,22.376759,30.257664,False,66.54,138.8,0.0,2950,166,7.17,0,6.04,140.81,193.42,1,146.1,0,253,422,358,295.27,93,50.47826,2.39,104.23,71.40701,170.37,32.29,18.346407,13.106174,1,1.0,30.214249,50,32.8,22,28.592983,66.88,265,81.57,392015,80.99796,185,38.627823,9.600689,53.263107,31.15793,260.3,95.85,1,0,587,46.736893,0.55,3.7966697,269.12,13.84,27.594645,1009,73.82657,6,1161,2.0642004,194.16,39.959694,24,2976,0,86.2,113.58,44.08,110.14,0,19.78414,57.50899
2,25.507412,2891,71.6,37.512596,3.6985667,11,2771,0,157.36288,25.025156,20.613214,False,41.58,134.2,50.0,2428,186,89.59,2,0.0,213.88,189.74,0,88.6,0,196,681,136,248.21,100,53.0,13.6,127.88,65.222595,100.33,50.02,28.799868,14.175895,1,1.0,13.211497,20,30.89,3,34.77741,105.9,36,92.02,411954,67.50156,129,58.165398,15.258839,72.714905,28.623098,239.83,49.3,5,1,230,27.285088,0.0,3.587066,262.5,13.19,14.193176,911,71.38778,8,1219,25.792427,267.38,38.63538,257,2935,1,130.3,105.25,46.47,48.58,0,12.684176,57.88109
0,46.696415,3871,121.3,27.321146,0.0,11,3467,0,147.86238,21.580315,34.921547,False,59.71,147.4,0.0,2843,161,36.65,0,0.0,208.38,164.24,0,162.2,0,182,530,375,252.22,279,51.434784,0.0,120.64,67.015724,109.38,11.46,31.040329,10.799134,3,3.0,19.196173,27,21.96,8,32.98428,113.53,96,78.93,391334,68.95967,69,56.973343,4.342389,70.09433,23.830484,245.11,65.16,5,0,326,29.905674,0.0,2.1900206,278.81,8.01,18.759178,856,76.22967,6,1183,10.551317,256.37,42.43558,18,3298,0,94.9,87.16,28.5,70.21,20,22.625134,62.23333
0,30.142508,3012,162.6,36.908016,2.1183443,11,2781,1,134.73442,23.37793,46.811577,False,57.46,73.6,0.0,2172,131,26.57,0,0.07,196.54,150.21,0,104.7,0,0,470,160,242.57,100,54.739132,7.79,169.16,54.00011,110.52,37.43,31.919289,23.903257,1,1.0,19.269049,26,38.0,5,45.999893,117.38,60,85.97,420105,65.962364,129,53.44537,11.6209755,69.94616,27.285583,198.58,67.75,5,0,310,30.053843,0.07,2.0503616,274.23,7.54,19.504822,780,74.57171,6,1259,7.649345,257.22,21.189003,16,2958,0,128.2,100.34,76.99,70.86,0,17.839735,46.636036
0,38.846786,3301,85.2,33.2821,2.7997847,3,2863,78,317.5049,33.23797,22.576714,True,96.32,202.1,85.71429,2735,316,62.11,7,10.54,205.31,75.94,1,146.6,4,223,1517,248,267.76,100,58.782608,11.45,50.85,87.566025,158.29,91.8,31.726818,27.256199,1,1.0,25.26164,38,54.16,13,12.433979,129.75,148,135.93,484052,65.47339,411,50.202953,25.289257,61.294506,24.535408,358.11,26.17,1,1,480,38.705494,0.14,7.4285994,242.65,30.38,6.9346547,1997,59.33343,20,1352,16.458212,250.67,53.553448,1274,3268,6,125.6,100.34,98.94,103.31,3,26.534435,20.92011
1,32.48715,3274,130.1,37.68085,4.2784257,3,2731,15,313.68912,40.829914,34.474537,False,63.69,119.4,150.0,2371,277,49.36,2,2.39,159.51,106.0,1,122.6,0,172,1527,328,261.41,100,58.608696,17.61,84.54,79.461136,205.32,77.75,32.210888,34.317265,1,,34.244415,42,55.13,21,20.538858,132.58,228,168.06,486732,63.510693,392,38.753643,20.63867,50.11662,27.001945,327.07,50.83,1,0,446,49.88338,0.16,3.962489,227.24,16.31,13.469182,1973,55.2076,19,1348,13.079655,206.28,31.639196,437,3219,3,142.2,111.14,129.28,140.95,9,16.906456,28.13761
0,30.897238,2952,164.0,29.201336,1.921269,3,2740,13,256.61136,31.935972,43.457523,False,61.85,60.5,66.666664,2720,301,38.44,3,7.83,136.23,232.91,0,116.6,0,658,855,940,330.09,555,58.347828,7.97,127.34,69.30235,219.25,35.54,18.506376,9.100916,7,,38.206013,65,24.6,33,30.69765,76.77,385,132.48,482850,79.57236,144,32.83996,9.7806635,47.14575,28.95403,287.48,111.06,1,1,759,52.854248,0.6,5.9060335,257.85,24.5,29.429222,1614,62.15799,10,1342,10.186019,195.57,16.031586,310,3186,2,110.2,120.11,33.07,158.49,144,17.021217,64.0972
0,37.01839,2719,186.2,46.902325,0.8699215,12,2442,0,135.46028,26.26937,49.340187,False,87.01,120.7,50.0,1991,152,24.53,2,0.0,219.58,207.28,0,139.7,0,170,299,243,284.38,100,55.0,3.61,205.84,50.396416,129.94,49.55,30.601477,6.3157325,1,4.0,19.565268,46,24.28,12,49.603584,126.99,143,109.01,460776,68.52861,0,52.914665,13.5006275,68.68689,27.52006,209.13,57.58,11,0,553,31.313107,0.0,3.8002746,290.19,15.77,15.25783,852,69.93036,3,1265,6.5000796,285.03,31.983677,216,2617,1,177.0,114.2,23.18,81.19,0,23.707155,56.476486
2,37.919342,2903,114.0,33.520588,1.6740558,12,2765,0,137.84514,21.32907,30.208279,False,90.46,155.8,0.0,2627,162,28.12,1,0.0,255.26,165.3,1,143.1,1,270,531,189,316.34,93,51.869564,6.91,185.51,55.057297,103.42,40.76,21.687624,7.5685782,1,2.0,14.852948,28,30.42,8,44.942707,89.52,96,88.04,424630,76.63832,168,61.839237,12.705734,74.94488,23.307816,227.26,88.0,11,0,336,25.055115,0.0,2.873271,312.87,11.86,23.31867,867,75.79766,7,1193,7.451375,309.35,41.284645,94,2546,0,126.5,96.21,24.28,61.31,6,28.198254,51.527428
0,46.514133,3116,100.9,27.025572,1.9027693,12,3071,3,197.20053,22.300814,27.160162,False,76.44,170.6,0.0,2921,208,23.0,0,1.59,279.9,147.75,0,172.8,0,239,943,271,278.22,199,52.130436,7.64,162.32,59.573616,72.93,21.3,28.805538,14.050137,2,5.0,11.872384,23,30.35,6,40.42638,115.66,72,89.54,303908,69.29169,168,69.7101,7.457461,81.836075,18.417511,239.2,67.39,11,0,278,18.163933,0.53,4.072128,295.62,16.35,18.139973,1221,73.62705,12,1199,6.1911173,328.58,45.92194,44,2703,0,100.4,73.95,40.13,47.67,0,26.762833,51.729572
1,43.341763,2879,43.1,31.830471,5.6738153,0,3141,6,444.2313,37.635517,37.586117,True,14.64,37.0,25.0,3101,369,22.2,4,1.4,40.95,30.81,0,49.7,1,133,695,172,81.64,107,64.695656,7.17,26.24,79.23722,68.92,23.12,29.722248,43.180313,2,1.0,37.46637,15,63.53,6,20.76278,37.56,65,47.56,166365,64.60394,321,32.40228,19.158104,45.461742,30.131351,100.14,8.75,1,0,154,54.53826,0.23,12.843239,62.58,16.23,7.6305923,849,49.521248,10,1488,19.359903,57.45,32.266506,206,3665,1,36.5,38.08,52.11,47.35,94,12.131256,25.530329
0,46.13238,3705,26.4,27.99337,0.0,0,3051,14,264.75974,16.973906,23.022587,False,28.05,64.9,100.0,2960,152,43.31,1,1.53,76.44,13.89,0,52.9,0,0,405,123,95.07,100,55.47826,0.0,16.04,87.199745,37.33,2.97,24.126097,59.079723,1,,20.628841,9,51.66,2,12.800257,30.23,23,21.27,100629,75.8739,101,61.00072,2.7061503,70.20988,18.370441,109.27,13.94,1,0,101,29.790121,0.11,8.203655,93.76,10.28,12.156624,506,74.82244,5,1276,37.769253,87.98,56.597195,138,3600,1,32.1,23.02,64.84,25.85,0,25.558086,12.656036
3,34.35947,3354,42.4,40.289528,0.0,0,2894,21,351.6177,39.86861,36.97567,False,36.62,49.0,0.0,2727,309,35.95,1,2.7,46.08,11.92,0,39.4,0,98,535,241,86.03,200,66.391304,0.0,24.02,80.987816,61.78,22.08,31.905972,42.608696,2,,26.959002,13,54.92,4,19.01219,40.31,41,50.37,169266,68.09403,276,36.47301,17.943924,51.10021,36.567993,102.32,6.63,1,0,137,48.899796,0.13,8.904544,64.72,11.25,5.781809,672,51.22685,8,1527,31.350834,64.56,42.731316,32,3710,0,46.2,46.2,52.43,34.06,7,29.76026,9.687119
0,27.731752,2476,26.9,49.795063,0.0,6,2221,0,152.26302,18.53127,23.45862,False,32.84,59.8,0.0,1118,223,0.0,0,0.0,91.79,46.78,1,31.8,0,114,87,12,85.41,0,48.52174,0.0,44.66,63.396446,18.04,7.67,29.99754,1.5785321,0,1.0,8.466519,17,26.7,1,36.603558,36.6,12,22.61,116221,70.00246,12,75.23154,8.648101,85.214325,16.301943,77.35,22.44,2,0,204,14.785674,0.0,6.5158596,91.45,7.95,19.569199,291,74.95287,1,1116,0.0,103.97,52.149647,110,3274,1,57.1,19.89,1.4,10.33,0,37.02785,52.74552
0,21.191244,2354,54.9,50.14389,0.0,6,2172,0,205.11032,30.14002,47.876514,False,14.95,37.8,0.0,1524,177,5.17,0,0.0,82.37,58.98,0,24.3,0,118,300,0,101.6,0,61.04348,0.0,57.15,54.789967,30.09,15.47,19.626612,22.362137,0,1.0,13.843841,8,45.26,0,45.21003,24.81,0,38.1,149653,80.37339,0,65.16098,13.43465,76.1965,20.995174,69.26,42.05,2,1,92,23.803495,0.0,4.0582232,83.18,5.13,36.670444,392,65.80176,3,1404,4.5085897,96.32,32.964157,85,3460,0,57.5,26.54,25.75,17.5,0,12.983066,51.220146
0,65.05625,4521,56.6,29.388681,12.84012,6,4381,0,43.42897,12.279922,49.35903,False,36.97,32.6,0.0,4032,98,0.0,0,0.0,63.34,18.69,3,74.6,0,0,0,23,60.48,0,43.826088,14.44,51.71,54.015118,34.01,25.72,33.380756,0.0,0,,21.022676,7,31.66,2,45.984882,37.54,23,13.81,87802,53.779118,0,56.32726,31.604815,69.75545,22.650066,60.74,0.0,2,0,83,30.244553,0.0,0.088920504,98.55,0.1,0.0,83,87.63116,0,1008,0.0,78.44,28.429405,0,4266,0,33.7,25.47,0.0,23.64,0,45.42885,22.96633
0,41.88085,3194,58.2,28.082897,1.3647012,6,2933,6,253.55771,37.040432,31.491802,False,16.9,66.3,0.0,2232,250,7.85,0,1.41,108.07,107.89,0,77.4,0,43,516,60,155.14,0,56.347828,2.68,59.5,69.7016,61.99,21.9,19.635403,15.999541,0,,15.413208,22,33.12,5,30.2984,38.56,60,72.74,234980,78.9999,83,55.02826,12.5408,68.43525,29.55853,136.88,64.75,4,1,265,31.564743,0.23,1.7720747,120.16,3.48,35.035984,781,61.187496,6,1296,4.247606,134.4,35.874683,88,2818,0,51.9,58.05,27.94,30.27,0,9.677604,61.78205
0,45.81139,3116,70.3,38.55709,1.2331295,6,3336,0,195.86604,27.628895,34.929943,False,24.46,99.2,0.0,4108,279,20.4,0,0.0,118.09,92.17,0,92.2,0,181,451,184,135.58,100,59.695652,2.54,62.95,69.43878,57.78,27.28,32.944946,15.157412,1,3.0,15.137393,18,35.06,7,30.56122,67.86,84,56.91,248946,65.82192,48,57.330814,16.08301,71.94874,27.531801,143.03,32.48,4,0,206,28.051268,0.0,7.253131,134.13,14.94,16.138329,657,65.117966,5,1373,10.136143,148.2,49.28948,30,3359,0,77.6,56.71,25.71,31.18,0,14.420469,54.33911
1,17.575602,2286,64.0,55.440685,0.0,6,2198,5,68.23469,17.353676,41.354355,False,5.0,44.8,0.0,1781,72,0.0,0,2.24,78.69,22.32,0,27.2,0,0,76,128,117.72,76,49.086956,0.0,72.57,53.47779,57.96,31.8,24.528786,34.889866,1,1.0,21.759197,9,56.61,5,46.522217,38.26,52,27.07,145097,75.471214,23,50.448772,35.022026,62.841393,27.792023,83.42,16.57,4,0,100,37.15861,0.45,1.3141868,126.87,2.05,10.706902,176,81.33213,1,1129,0.0,98.02,28.94805,10,2935,0,85.8,43.35,31.68,33.94,23,5.5066075,24.581497
0,10.036769,2082,97.5,63.400578,8.120812,0,1425,32,537.8118,34.330788,48.444798,True,42.7,34.2,66.666664,1196,528,34.52,6,3.19,83.2,75.25,0,20.2,0,280,1545,486,118.02,366,63.217392,17.45,46.28,78.4634,99.87,32.79,36.955513,27.778845,4,,32.380863,22,49.73,10,21.5366,79.41,120,73.77,285068,54.92368,324,38.719284,15.710043,53.52506,28.89985,168.61,12.24,0,0,259,46.47494,0.1,12.807149,113.59,27.52,6.0816855,1804,52.862064,19,1454,17.151943,115.02,16.992945,733,3111,4,127.6,62.1,57.98,69.58,33,20.45803,36.05309
0,22.905695,2291,86.8,24.247244,2.041202,0,2285,1,107.62199,26.01115,43.128292,False,53.57,28.1,0.0,1955,122,0.0,0,0.84,77.67,127.81,1,46.1,1,97,87,141,170.82,0,53.52174,4.32,62.11,70.65299,105.26,0.0,17.246265,3.0623698,0,,34.47836,23,19.82,12,29.347004,36.5,141,55.05,232843,80.712524,12,36.699112,0.0,50.2646,28.822529,149.53,48.0,0,0,274,49.7354,0.84,2.7877529,150.69,5.9,23.849747,361,71.201096,1,1231,0.0,106.38,13.96204,72,3215,0,48.8,61.0,5.73,72.97,0,28.630217,68.30741
0,71.59893,4504,14.6,15.055153,3.1658478,0,4347,2,166.65012,18.36555,7.254298,False,42.32,147.9,0.0,4381,124,68.85,0,1.14,154.55,49.49,0,144.1,0,127,269,96,178.63,0,44.869564,6.83,22.93,89.37097,47.34,36.91,14.035413,37.614502,0,,14.550595,25,48.77,8,10.629026,30.28,96,39.62,188024,82.79874,30,71.64047,17.888819,78.05591,13.808928,192.8,3.72,0,0,290,21.944098,0.57,2.109118,171.56,4.55,1.8483554,559,79.52534,3,1032,34.20948,168.39,73.48703,12,3937,0,30.3,29.79,77.61,31.39,0,20.510832,23.985847
0,31.64279,2901,89.8,51.72717,5.314911,0,2358,47,263.4262,34.65288,39.46559,True,22.5,91.1,57.142857,2122,251,88.99,7,6.17,67.87,32.96,1,72.0,0,5,719,411,160.81,271,57.608696,12.54,28.31,88.00118,129.89,27.46,26.527933,63.626793,3,,34.305332,28,64.38,14,11.998813,62.59,140,81.76,289047,68.157166,323,28.765789,12.0454445,44.950203,36.92888,207.63,12.17,0,0,280,55.0498,0.13,4.030686,144.67,9.51,5.3485103,999,61.31644,10,1325,39.109608,106.06,40.03692,645,3549,4,117.7,87.13,145.05,80.94,43,9.8697195,14.458043
0,42.410126,2680,111.9,36.257362,1.5888281,0,2750,20,177.727,35.27198,49.17817,False,24.2,73.0,0.0,2763,140,52.6,0,6.21,60.37,54.16,0,96.5,0,134,393,352,170.45,209,59.52174,3.8,64.63,72.97739,144.29,36.05,27.143873,48.692764,3,,40.300194,25,52.64,12,27.02262,64.92,143,84.36,307249,71.2673,325,25.240406,16.166643,39.67305,34.459404,174.54,9.04,0,0,281,60.32695,0.31,4.9546347,142.96,11.85,3.972928,674,59.773384,7,1369,23.116816,94.89,32.08227,44,3878,0,82.5,82.42,108.58,96.39,90,10.852505,24.288084
0,54.916546,3873,23.4,21.70717,0.344086,0,4163,0,377.23776,26.322582,20.236963,False,15.19,66.6,0.0,4270,416,21.05,0,0.0,66.19,39.06,1,63.5,0,102,667,230,69.19,194,53.217392,0.4,15.45,86.70968,41.46,11.65,40.13763,37.494072,2,,27.655916,5,45.94,3,13.290322,46.66,36,30.6,120269,59.518276,32,56.937634,11.049986,64.338554,15.406451,100.8,21.44,0,0,60,35.66145,0.0,7.4838715,76.95,8.7,18.5419,727,66.19355,7,1224,18.204618,74.8,57.59751,20,4172,0,25.1,17.91,39.53,32.15,5,14.407663,37.04828
1,64.208496,2669,48.3,30.631975,1.9454111,7,2899,1,119.187836,13.508867,21.227037,False,77.26,170.0,0.0,3277,132,8.39,0,0.03,202.54,54.55,0,146.1,0,150,200,12,169.69,0,40.913044,4.64,55.36,76.78924,22.08,64.59,26.908726,10.536145,0,3.0,4.788059,21,34.51,1,23.210768,64.18,12,32.22,190130,71.14587,0,84.91888,29.421946,90.74253,10.29307,183.15,34.56,4,2,252,9.257474,0.03,2.662362,199.94,6.35,15.1885395,452,83.828766,2,941,3.6872642,216.43,74.71214,170,3943,0,69.7,24.55,23.13,11.42,0,35.193367,24.84854
1,34.71917,2341,152.2,58.363365,0.60188085,7,1960,0,126.57116,31.547045,66.88934,False,4.44,60.4,0.0,1117,177,2.04,0,0.0,133.03,192.46,0,79.0,0,105,200,72,147.45,0,56.47826,1.44,126.38,47.17439,66.21,0.0,37.768024,4.8976045,0,1.0,14.454709,24,13.88,6,52.825615,90.36,72,75.47,291656,61.630093,0,55.60757,0.0,72.32487,29.937717,112.86,147.68,4,0,280,27.675138,0.0,3.5823264,155.19,8.57,64.90287,480,64.87062,2,1299,0.8965457,173.03,26.544785,70,2758,0,132.8,71.62,10.14,34.58,0,2.1445131,92.95788
0,36.239388,3100,41.3,22.261337,1.7311196,7,2779,0,83.86829,15.6829,42.762474,False,9.89,13.5,0.0,1883,199,9.31,0,0.0,69.33,32.71,0,35.0,0,132,87,0,76.44,0,54.260868,1.71,51.6,47.762707,17.33,3.47,20.884794,22.441076,0,,13.393399,4,37.07,0,52.237297,20.63,0,15.49,78362,77.38409,12,70.18627,5.8417506,82.455956,16.420326,47.18,21.32,4,0,48,17.544037,0.0,4.7484055,78.59,4.69,22.074963,135,79.568695,1,1248,9.639677,81.45,13.978049,4,3538,0,21.5,16.22,13.33,13.23,0,16.649832,55.067337
0,30.76013,2719,155.3,56.566105,4.7514277,16,2270,44,485.0636,40.096004,38.27763,False,100.83,188.9,50.0,1331,455,45.97,6,7.16,263.92,138.51,0,124.8,0,273,2736,313,249.07,167,65.95652,21.38,150.3,66.59777,115.94,77.6,39.89599,24.124393,2,11.0,13.9872875,49,47.26,14,33.402225,179.52,146,180.42,582797,55.352573,374,58.651497,18.577482,74.234406,27.361216,299.67,70.32,13,1,544,25.765589,0.16,11.211858,219.1,50.45,17.33215,3280,48.69213,32,1517,11.330474,334.04,46.559204,637,3074,3,229.5,123.12,100.77,62.94,41,24.138758,33.159367
0,41.586575,3309,85.3,22.401302,0.94262576,16,3150,1,159.47066,19.322126,31.531866,False,50.88,81.4,0.0,2877,158,57.03,0,0.83,146.23,90.85,0,112.5,0,198,346,253,228.1,158,56.04348,2.77,139.26,52.610092,97.51,24.55,21.435379,32.28263,3,1.0,15.990064,31,32.11,8,47.38991,62.99,95,56.78,298083,77.622,165,49.760098,9.997964,66.8164,34.24984,154.6,29.87,13,0,373,33.183598,0.83,4.70292,223.26,13.82,11.0416975,719,75.97496,6,1289,21.081621,196.34,30.090199,22,2837,0,60.6,100.65,79.27,46.99,141,20.72083,36.998577
0,55.82668,2980,190.2,34.260082,0.3441218,16,3022,8,121.11801,26.060457,46.87962,False,75.2,191.5,0.0,3069,191,4.47,0,0.07,234.74,287.75,1,226.5,0,278,200,96,356.68,0,52.434784,1.53,192.2,56.772076,139.86,6.44,19.432762,1.8519502,0,1.0,14.428051,53,15.63,8,43.227924,86.4,96,115.87,455802,80.22312,0,52.795647,1.7111275,68.54392,32.776302,252.42,154.06,13,0,619,31.456076,0.01,1.9004993,320.3,8.45,37.972,819,72.03904,2,1206,1.101745,304.76,47.20004,4,2866,0,139.0,145.73,6.97,64.15,0,19.980867,76.45605
1,44.538105,3628,194.3,52.40067,6.9537153,6,3135,84,495.85922,36.729145,47.89017,True,84.64,199.0,84.61539,2883,433,91.73,13,8.58,233.99,112.28,0,180.7,0,269,3049,451,235.1,346,70.86957,31.46,54.63,87.924934,156.37,73.72,41.081295,36.01437,4,2.0,21.829275,29,56.31,10,12.075063,185.86,105,166.17,637549,51.964985,904,51.719643,17.42913,65.43698,26.451086,397.79,18.72,3,3,304,34.56302,0.1,20.012377,195.71,90.54,4.6140194,3353,43.258476,41,1630,22.609188,296.05,49.048603,1803,3768,11,212.6,119.67,152.33,98.76,43,20.010874,26.545616
0,52.27743,3193,199.4,44.636696,0.6356448,6,3401,9,169.62437,26.942924,49.147194,False,120.18,193.4,66.666664,3515,142,46.08,3,2.24,215.4,89.78,0,212.1,1,161,540,311,332.89,191,55.086956,2.87,85.43,81.07905,145.84,43.85,25.636198,33.665257,3,1.0,14.0661335,53,46.82,12,18.920956,115.75,120,121.65,494019,73.72816,283,47.706585,11.460457,67.6995,38.22728,366.08,36.48,3,1,607,32.300503,0.25,3.8138688,312.64,17.22,8.991423,1147,69.24321,8,1267,11.357587,305.67,47.668343,372,2337,2,181.1,172.6,128.81,63.51,132,31.409754,23.464535
0,65.99769,2115,5.2,2.7016597,0.0,6,2451,0,0.0,0.0,20.069471,False,8.47,20.8,0.0,3427,52,0.0,0,0.0,14.44,0.0,0,17.1,0,0,0,0,14.34,0,7.652174,0.0,5.7,60.526318,0.0,0.0,0.69252074,0.0,0,,0.0,0,30.85,0,39.473686,0.1,0,0.0,320,99.30747,0,100.0,0.0,100.0,0.0,8.74,0.0,3,0,0,0.0,0.0,0.0,14.44,0.0,0.0,0,100.0,0,176,0.0,14.44,80.277885,0,2249,0,0.7,0.0,0.0,0.0,0,100.0,0.0
0,51.43079,2789,140.7,29.4485,0.80181193,15,2625,4,207.33298,31.756653,39.051872,False,47.29,157.1,0.0,2132,255,8.63,1,2.78,209.75,262.4,1,185.3,1,107,700,233,223.1,100,55.782608,3.08,138.64,63.90805,127.19,23.12,41.118896,5.1985416,1,4.0,20.813265,45,24.59,11,36.09195,157.95,133,121.99,434653,58.0793,0,54.60391,6.5857687,66.88881,24.582823,245.49,185.34,8,1,545,33.111187,0.7,6.765763,236.16,25.99,51.441895,1245,61.47759,7,1283,2.3952925,256.94,43.603764,257,2330,0,106.1,94.43,18.25,79.95,0,13.470632,74.745056
2,28.421549,2143,166.2,45.879707,2.9177172,15,2026,6,161.37001,37.755367,46.129505,False,42.72,104.0,100.0,1635,191,6.32,1,3.72,184.01,270.54,0,102.4,0,223,300,258,263.26,0,58.347828,11.34,173.85,55.269386,145.96,4.98,29.346987,11.366105,0,1.0,23.655638,56,18.07,22,44.730614,114.06,258,146.74,469008,67.7353,3,47.344723,1.3869934,62.444355,28.99964,214.81,182.97,8,0,669,37.55564,0.62,2.750476,231.23,10.69,50.78409,969,59.49416,3,1342,1.7541424,242.69,28.865635,178,2059,1,165.3,112.71,40.81,91.94,3,11.898064,75.34883
0,34.62345,2218,58.3,38.741657,2.409976,15,2096,4,212.54529,32.608242,22.230696,False,25.0,127.1,0.0,1780,236,25.3,0,2.33,151.35,115.0,0,90.8,0,377,616,295,214.23,174,60.95652,6.88,112.72,60.51563,100.16,41.02,22.54799,19.467924,2,3.0,23.668907,26,39.96,10,39.48438,64.37,121,93.09,338002,75.04203,83,53.015976,18.248955,64.91523,23.315117,172.76,28.31,8,1,313,35.084766,0.58,6.574892,173.62,18.77,10.795043,929,60.816875,7,1402,9.647284,185.32,48.465206,85,2044,0,101.6,66.56,43.76,67.57,25,11.121986,51.161137
0,27.616642,2465,109.4,47.295235,6.67711,2,2135,47,368.20337,35.551388,30.364428,True,69.89,146.7,77.77778,2024,363,59.86,9,5.95,175.38,70.24,0,99.5,0,171,1781,392,228.42,198,61.260868,26.0,71.23,81.70728,159.61,93.18,34.661907,38.087784,3,1.0,26.972958,40,56.41,18,18.292715,134.97,194,138.43,493038,58.66098,441,45.039677,24.726675,59.010246,27.987364,318.16,27.39,1,0,430,40.98975,0.13,7.84067,220.42,30.53,7.602209,2211,56.607944,22,1409,16.614393,229.78,40.717197,1060,3020,7,170.4,108.98,143.53,105.03,116,18.546333,18.63921
0,43.576008,3160,169.1,25.701517,7.5458026,2,3022,43,172.19461,30.654177,46.934414,False,20.85,75.9,33.333332,3000,165,70.04,3,5.7,150.26,38.9,1,157.0,2,0,772,159,217.19,45,57.47826,29.16,142.65,63.08612,171.14,35.23,36.251423,57.379402,1,,31.065624,26,57.71,11,36.91388,140.09,114,118.46,433611,56.202774,367,38.883137,15.80884,55.713696,30.051237,243.79,3.92,1,0,262,44.286304,0.13,7.124004,240.45,27.53,1.0880125,1034,62.22182,11,1322,19.439896,215.3,21.066362,304,3171,1,92.6,116.13,127.87,120.05,72,9.356069,17.455688
1,46.185017,2404,94.9,30.558716,1.9376849,2,2679,4,281.43994,41.190895,26.339891,False,88.4,199.8,0.0,2836,234,58.15,3,1.77,194.86,59.3,1,166.4,2,426,1252,484,265.7,365,64.26087,7.27,81.12,78.37838,129.19,59.4,27.244862,37.10902,4,,21.83427,38,57.18,10,21.621624,102.22,119,154.54,479396,70.81746,460,51.93635,18.038263,65.56678,26.229378,294.06,38.83,1,1,438,34.43322,0.44,8.017486,190.56,30.08,10.77743,1690,50.791626,17,1478,16.139776,246.0,55.455326,258,2939,0,110.1,98.41,122.2,81.92,34,26.844824,18.007896
0,23.275425,2389,56.9,45.370213,0.0,3,2694,0,182.4085,18.70978,23.99224,False,24.45,104.9,100.0,3163,155,70.97,2,0.0,144.19,53.08,1,55.2,0,240,469,166,206.73,87,51.52174,0.0,64.7,74.29786,77.23,58.77,17.879559,39.564583,1,1.0,17.98284,25,53.72,8,25.702139,45.01,79,47.1,266191,82.120445,257,57.277348,26.058619,69.321526,24.73981,187.03,12.35,3,0,252,30.67848,0.0,2.673393,197.91,6.73,5.2074547,721,78.61683,7,1185,29.924944,174.51,44.231743,270,3334,2,107.6,62.28,89.23,45.27,29,10.84113,23.535671
0,24.709057,2885,70.9,35.503456,3.2601435,3,2713,4,217.32164,32.039753,29.89543,False,26.21,80.3,0.0,2358,191,22.99,1,2.96,113.33,95.1,0,58.6,0,194,531,109,169.56,0,58.695652,8.3,84.6,66.7701,99.32,35.11,30.138655,17.277487,0,2.0,21.00157,29,29.35,9,33.2299,76.73,109,81.57,313326,66.6012,69,44.512962,18.567879,60.98826,34.485466,169.99,48.9,3,0,328,39.011745,0.74,5.5147495,158.98,14.04,20.618992,859,62.445507,6,1350,9.693877,155.27,33.859,58,3089,0,84.2,87.8,32.67,53.47,0,13.861125,50.29351
0,56.417606,3835,122.4,24.540394,6.3212514,3,3716,0,157.36212,21.22022,51.610725,False,43.91,65.4,0.0,3549,99,87.27,0,0.0,91.07,41.22,0,133.8,0,185,390,279,181.31,161,55.652172,16.08,121.36,52.289967,119.02,45.32,22.40349,36.191547,3,,35.006683,20,61.39,10,47.71003,56.99,118,53.98,294457,71.27525,416,35.80077,22.167873,53.209896,29.192547,133.01,13.7,3,0,232,46.79011,0.0,2.5395079,193.94,6.46,5.776691,622,76.24027,8,1280,36.797943,135.35,27.576319,14,3656,0,58.2,74.26,73.99,89.05,138,21.478184,20.162395
0,57.30308,2555,88.8,26.986,0.0,3,2781,4,109.546295,24.083235,37.443077,True,89.33,123.9,66.666664,2896,89,0.0,3,2.01,133.59,79.87,0,135.9,1,49,67,89,193.15,0,49.086956,0.0,61.79,75.74008,87.13,70.51,24.165686,1.1627426,0,,21.79427,31,30.71,8,24.259912,61.55,89,61.34,257954,75.83431,32,52.449944,29.07269,65.79112,25.755793,192.91,28.75,2,0,366,34.20887,0.5,0.58892816,191.86,1.5,12.122618,433,75.327835,1,1129,0.0,167.57,52.24321,350,3102,2,64.0,65.6,2.82,55.51,0,36.832554,32.932007
1,45.49671,2769,81.5,32.341034,3.926533,3,2181,9,216.81564,24.417458,34.364986,False,74.45,94.3,0.0,1902,234,18.49,0,0.62,106.1,29.74,0,107.9,0,50,668,172,130.04,112,58.826088,9.15,90.15,61.313995,80.67,36.15,40.269497,21.53201,2,,26.026691,16,55.26,5,38.686005,93.84,60,56.9,189122,55.803974,204,45.530617,20.212471,65.38214,28.44269,142.88,9.63,2,1,189,34.61786,0.07,12.470497,147.07,29.06,4.0605497,857,63.11205,10,1353,7.7964244,152.36,39.762184,240,3060,1,76.7,66.28,38.51,60.65,0,41.62706,16.62846
0,29.6846,1823,98.0,47.647156,0.0,3,2292,0,195.31117,21.36319,41.322315,False,54.83,79.7,0.0,2613,143,55.76,0,0.0,114.74,80.43,0,70.4,0,223,537,72,203.59,0,51.739132,0.0,89.87,64.694565,91.81,31.55,20.019644,29.627913,0,2.0,28.299812,20,38.24,6,35.305443,50.96,72,54.38,256967,79.98036,162,45.073853,13.309989,63.933846,26.626335,164.68,30.89,2,0,235,36.066154,0.0,3.1860142,192.06,8.11,13.024961,772,75.4508,7,1190,23.511553,162.75,33.606003,12,2701,0,113.0,67.78,70.23,72.04,0,23.131117,33.93098
